date,open,high,low,close,volume
2021-05-24,150.1199951171875,150.7100067138672,149.77999877929688,150.2100067138672,3187600
2021-05-25,150.63999938964844,150.7899932861328,149.36000061035156,149.5800018310547,1637300
2021-05-26,149.7899932861328,150.19000244140625,149.55999755859375,150.08999633789062,3546000
2021-05-27,150.8000030517578,151.02000427246094,150.60000610351562,150.8300018310547,1843300
2021-05-28,151.35000610351562,151.49000549316406,150.77000427246094,151.1199951171875,1552200
2021-06-01,152.19000244140625,152.3300018310547,151.22999572753906,151.6199951171875,2395400
2021-06-02,151.89999389648438,151.97999572753906,151.22000122070312,151.72999572753906,1741100
2021-06-03,151.07000732421875,151.7899932861328,150.41000366210938,151.50999450683594,2884300
2021-06-04,152.1300048828125,152.42999267578125,151.6199951171875,152.25999450683594,2075800
2021-06-07,152.52999877929688,152.52999877929688,151.75,151.99000549316406,2400100
2021-06-08,152.14999389648438,152.3800048828125,151.27999877929688,152.17999267578125,1646000
2021-06-09,152.3800048828125,152.3800048828125,151.49000549316406,151.49000549316406,1600900
2021-06-10,152.1699981689453,152.47000122070312,151.22000122070312,151.77999877929688,1756400
2021-06-11,152.02000427246094,152.2899932861328,151.60000610351562,152.17999267578125,1315500
2021-06-14,152.14999389648438,152.25999450683594,150.97999572753906,151.7100067138672,1441900
2021-06-15,151.85000610351562,152.07000732421875,151.1699981689453,151.72999572753906,2714500
2021-06-16,151.6199951171875,151.72000122070312,150.0399932861328,150.6999969482422,2776700
2021-06-17,150.50999450683594,150.91000366210938,148.19000244140625,149.22000122070312,3518800
2021-06-18,147.8800048828125,148.00999450683594,146.5800018310547,146.64999389648438,2341900
2021-06-21,147.17999267578125,149.1199951171875,147.0800018310547,149.0500030517578,4364700
2021-06-22,149.10000610351562,149.75999450683594,148.4199981689453,149.36000061035156,2095500
2021-06-23,149.49000549316406,149.75999450683594,149.07000732421875,149.11000061035156,2445700
2021-06-24,149.85000610351562,150.25999450683594,149.47000122070312,150.08999633789062,1848400
2021-06-25,150.49000549316406,151.32000732421875,150.32000732421875,151.13999938964844,2162900
2021-06-28,151.39999389648438,151.4199981689453,149.97999572753906,150.50999450683594,2222200
2021-06-29,150.8000030517578,151.27000427246094,150.3000030517578,150.39999389648438,1883000
2021-06-30,150.32000732421875,150.9499969482422,150.32000732421875,150.72999572753906,2614000
2021-07-01,151.22999572753906,151.97999572753906,151.13999938964844,151.77999877929688,2159200
2021-07-02,152.07000732421875,152.36000061035156,151.6199951171875,152.22999572753906,1228400
2021-07-06,152.11000061035156,152.11000061035156,149.8699951171875,150.89999389648438,2424500
2021-07-07,150.83999633789062,151.42999267578125,150.0800018310547,151.25999450683594,2481700
2021-07-08,149.33999633789062,150.4499969482422,148.6199951171875,149.8699951171875,3747100
2021-07-09,150.80999755859375,152.11000061035156,150.75,152.0,3006800
2021-07-12,151.6300048828125,152.5399932861328,151.22000122070312,152.49000549316406,1809600
2021-07-13,152.1699981689453,152.25,151.00999450683594,151.0500030517578,2234300
2021-07-14,151.52999877929688,152.13999938964844,150.49000549316406,150.8300018310547,2338600
2021-07-15,150.1199951171875,150.7899932861328,149.66000366210938,150.42999267578125,5040600
2021-07-16,150.92999267578125,151.08999633789062,149.1199951171875,149.30999755859375,2092400
2021-07-19,147.19000244140625,147.4199981689453,145.61000061035156,146.61000061035156,6121100
2021-07-20,146.9600067138672,149.86000061035156,146.77999877929688,149.38999938964844,2391600
2021-07-21,150.14999389648438,151.08999633789062,150.1300048828125,150.88999938964844,1733600
2021-07-22,150.8800048828125,150.8800048828125,149.91000366210938,150.47000122070312,1664700
2021-07-23,151.2100067138672,151.8699951171875,150.67999267578125,151.72000122070312,2106100
2021-07-26,151.58999633789062,152.38999938964844,151.5,152.14999389648438,2110500
2021-07-27,151.66000366210938,152.00999450683594,151.0,151.8800048828125,4277300
2021-07-28,152.13999938964844,152.55999755859375,151.07000732421875,151.9600067138672,2638000
2021-07-29,152.66000366210938,153.58999633789062,152.5399932861328,153.10000610351562,2714100
2021-07-30,152.52000427246094,153.6300048828125,152.47999572753906,152.67999267578125,2070000
2021-08-02,153.3800048828125,154.3000030517578,152.3800048828125,152.4499969482422,2172000
2021-08-03,152.72000122070312,153.75,151.52999877929688,153.72999572753906,2180700
2021-08-04,152.97000122070312,153.38999938964844,152.27999877929688,152.27999877929688,2270300
2021-08-05,152.83999633789062,153.42999267578125,152.75999450683594,153.42999267578125,1476400
2021-08-06,153.9199981689453,154.3699951171875,153.63999938964844,154.05999755859375,1910600
2021-08-09,153.82000732421875,154.0800018310547,153.25999450683594,153.7100067138672,1861900
2021-08-10,153.91000366210938,154.83999633789062,153.7100067138672,154.42999267578125,1845700
2021-08-11,154.75,155.42999267578125,154.27000427246094,155.4199981689453,2127200
2021-08-12,155.35000610351562,155.4600067138672,154.6300048828125,155.33999633789062,1601800
2021-08-13,155.47999572753906,155.6199951171875,155.1300048828125,155.32000732421875,1672800
2021-08-16,154.75,155.4199981689453,154.0800018310547,155.3699951171875,2458800
2021-08-17,154.47999572753906,154.52999877929688,152.94000244140625,154.1999969482422,3097700
2021-08-18,153.83999633789062,154.3800048828125,152.50999450683594,152.61000061035156,1788100
2021-08-19,151.4499969482422,152.80999755859375,151.22000122070312,152.27000427246094,2900600
2021-08-20,152.22999572753906,153.5399932861328,151.97000122070312,153.3699951171875,2207100
2021-08-23,154.25,154.8699951171875,154.16000366210938,154.52000427246094,1745500
2021-08-24,154.8800048828125,155.44000244140625,154.8000030517578,155.14999389648438,1144400
2021-08-25,155.3000030517578,156.35000610351562,154.88999938964844,155.97000122070312,1225400
2021-08-26,155.85000610351562,155.88999938964844,154.75,154.89999389648438,1735300
2021-08-27,155.25,156.8000030517578,155.25,156.55999755859375,1623800
2021-08-30,156.69000244140625,156.8800048828125,156.1699981689453,156.3300018310547,1514900
2021-08-31,156.3300018310547,156.50999450683594,155.9600067138672,156.3000030517578,1477800
2021-09-01,156.69000244140625,156.69000244140625,155.77000427246094,156.3300018310547,1300100
2021-09-02,156.9199981689453,157.4600067138672,156.83999633789062,157.38999938964844,1321600
2021-09-03,157.0800018310547,157.22000122070312,156.7100067138672,156.8800048828125,1118900
2021-09-07,156.61000061035156,156.86000061035156,155.42999267578125,155.57000732421875,1626100
2021-09-08,155.32000732421875,155.89999389648438,154.82000732421875,155.47000122070312,1438600
2021-09-09,155.35000610351562,156.24000549316406,154.97000122070312,155.02999877929688,1464200
2021-09-10,155.7899932861328,155.89999389648438,153.97000122070312,154.00999450683594,1987200
2021-09-13,155.14999389648438,155.3300018310547,153.6699981689453,154.44000244140625,2194700
2021-09-14,154.91000366210938,155.00999450683594,153.00999450683594,153.33999633789062,2146300
2021-09-15,153.3699951171875,154.92999267578125,153.0500030517578,154.6999969482422,2816800
2021-09-16,154.6300048828125,155.0,153.60000610351562,154.41000366210938,2159100
2021-09-17,154.0399932861328,154.42999267578125,152.94000244140625,153.0399932861328,3120900
2021-09-20,150.14999389648438,150.72999572753906,148.39999389648438,150.17999267578125,4130100
2021-09-21,151.0500030517578,151.30999755859375,149.44000244140625,149.63999938964844,2452700
2021-09-22,150.66000366210938,152.3000030517578,150.55999755859375,151.32000732421875,3319000
2021-09-23,152.1300048828125,154.39999389648438,152.0800018310547,153.5399932861328,3218400
2021-09-24,153.08999633789062,154.16000366210938,153.05999755859375,153.8000030517578,2444000
2021-09-27,154.10000610351562,155.13999938964844,154.02999877929688,154.30999755859375,3239300
2021-09-28,153.8699951171875,153.97999572753906,151.7899932861328,152.0,4857900
2021-09-29,152.5,153.08999633789062,152.00999450683594,152.3300018310547,2633500
2021-09-30,152.75999450683594,152.75999450683594,149.77000427246094,149.82000732421875,4426400
2021-10-01,150.5800018310547,152.6300048828125,149.41000366210938,151.83999633789062,3351600
2021-10-04,151.57000732421875,152.50999450683594,150.22000122070312,150.8800048828125,4596900
2021-10-05,151.44000244140625,152.91000366210938,150.88999938964844,151.9600067138672,2497600
2021-10-06,150.66000366210938,152.17999267578125,149.63999938964844,152.1699981689453,2846900
2021-10-07,153.22000122070312,154.49000549316406,153.22000122070312,153.4600067138672,2243800
2021-10-08,153.6699981689453,153.9199981689453,152.97999572753906,153.10000610351562,1861000
2021-10-11,153.2100067138672,154.1199951171875,152.22999572753906,152.25999450683594,1408300
2021-10-12,152.42999267578125,153.16000366210938,151.92999267578125,152.3000030517578,1524000
2021-10-13,152.3300018310547,152.99000549316406,151.0500030517578,152.5500030517578,2283400
2021-10-14,153.8300018310547,155.17999267578125,153.6699981689453,155.1699981689453,1646800
2021-10-15,156.08999633789062,156.57000732421875,155.6300048828125,155.6999969482422,2032700
2021-10-18,155.05999755859375,156.08999633789062,154.69000244140625,155.75999450683594,1658200
2021-10-19,156.39999389648438,156.74000549316406,155.88999938964844,156.6699981689453,1576200
2021-10-20,156.64999389648438,158.00999450683594,156.6300048828125,157.8699951171875,1919700
2021-10-21,157.63999938964844,158.0800018310547,157.13999938964844,158.05999755859375,1870600
2021-10-22,158.25,159.0399932861328,157.8000030517578,158.50999450683594,1547500
2021-10-25,158.85000610351562,159.35000610351562,158.27000427246094,158.8699951171875,2595000
2021-10-26,159.2899932861328,159.38999938964844,158.50999450683594,158.55999755859375,2502700
2021-10-27,158.50999450683594,158.55999755859375,156.4199981689453,156.4499969482422,2476600
2021-10-28,156.8000030517578,158.05999755859375,156.75,158.0399932861328,1758500
2021-10-29,157.69000244140625,158.24000549316406,157.22999572753906,157.75999450683594,1324400
2021-11-01,158.27999877929688,159.10000610351562,158.11000061035156,159.02000427246094,2186400
2021-11-02,159.36000061035156,159.6199951171875,158.82000732421875,159.4600067138672,1759200
2021-11-03,158.99000549316406,160.55999755859375,158.97000122070312,160.39999389648438,2342600
2021-11-04,160.52999877929688,160.97999572753906,159.50999450683594,160.07000732421875,2505200
2021-11-05,161.3000030517578,162.13999938964844,160.72999572753906,161.2899932861328,2047600
2021-11-08,162.0,162.25999450683594,161.1999969482422,161.52999877929688,1344700
2021-11-09,161.5399932861328,161.8699951171875,160.85000610351562,161.50999450683594,1152300
2021-11-10,161.10000610351562,161.75999450683594,160.05999755859375,160.47999572753906,2132400
2021-11-11,160.77000427246094,161.02000427246094,160.4499969482422,160.8699951171875,1083100
2021-11-12,161.3000030517578,161.85000610351562,160.85000610351562,161.64999389648438,1188500
2021-11-15,162.1699981689453,162.22999572753906,161.61000061035156,161.92999267578125,1194200
2021-11-16,162.00999450683594,162.8000030517578,161.85000610351562,162.13999938964844,1732100
2021-11-17,161.97000122070312,162.05999755859375,160.89999389648438,161.27999877929688,1608600
2021-11-18,161.6300048828125,161.6300048828125,159.9199981689453,160.69000244140625,1280400
2021-11-19,160.3699951171875,160.4499969482422,159.52999877929688,159.64999389648438,1595000
2021-11-22,160.25,161.2899932861328,159.86000061035156,159.89999389648438,2230300
2021-11-23,160.07000732421875,160.77000427246094,159.36000061035156,160.55999755859375,2112100
2021-11-24,159.82000732421875,160.77999877929688,159.67999267578125,160.63999938964844,1595200
2021-11-26,157.24000549316406,157.57000732421875,155.77999877929688,156.4600067138672,3644300
2021-11-29,158.27999877929688,158.6699981689453,156.67999267578125,157.77000427246094,2657000
2021-11-30,156.57000732421875,156.75,153.5399932861328,153.58999633789062,4223100
2021-12-01,155.9199981689453,156.91000366210938,151.57000732421875,151.67999267578125,6193400
2021-12-02,152.25,155.9600067138672,152.10000610351562,155.35000610351562,5321200
2021-12-03,156.0800018310547,156.35000610351562,153.1699981689453,154.5,5924200
2021-12-06,155.91000366210938,157.82000732421875,155.3000030517578,156.7899932861328,4885400
2021-12-07,158.3800048828125,160.1999969482422,158.27999877929688,159.44000244140625,2510800
2021-12-08,159.72000122070312,160.19000244140625,159.27000427246094,159.85000610351562,3000100
2021-12-09,159.2100067138672,159.64999389648438,158.69000244140625,158.7100067138672,1829500
2021-12-10,159.6699981689453,159.86000061035156,158.49000549316406,159.74000549316406,2200800
2021-12-13,159.5399932861328,159.5399932861328,157.99000549316406,158.5800018310547,3743000
2021-12-14,157.5500030517578,158.82000732421875,157.14999389648438,157.6300048828125,3265000
2021-12-15,157.75,159.47999572753906,156.74000549316406,159.35000610351562,4800700
2021-12-16,160.19000244140625,160.8699951171875,158.5500030517578,159.07000732421875,4805000
2021-12-17,158.49000549316406,159.27999877929688,155.80999755859375,156.9600067138672,6970300
2021-12-20,155.0,155.11000061035156,153.4199981689453,154.89999389648438,6794600
2021-12-21,156.16000366210938,158.11000061035156,156.0,158.0399932861328,3589700
2021-12-22,157.91000366210938,159.19000244140625,157.7899932861328,159.14999389648438,1855000
2021-12-23,159.66000366210938,160.72999572753906,159.66000366210938,160.22999572753906,1614100
2021-12-27,160.50999450683594,162.2899932861328,160.24000549316406,162.27999877929688,2518200
2021-12-28,162.24000549316406,163.10000610351562,162.13999938964844,162.52999877929688,2754600
2021-12-29,162.5399932861328,163.32000732421875,162.36000061035156,163.00999450683594,2915200
2021-12-30,163.19000244140625,163.86000061035156,162.5800018310547,162.75,2090100
2021-12-31,162.5800018310547,163.4499969482422,162.4600067138672,162.75,3194700
2022-01-03,163.1300048828125,163.47000122070312,161.8000030517578,162.88999938964844,3841500
2022-01-04,163.60000610351562,164.6199951171875,163.58999633789062,164.1999969482422,3532000
2022-01-05,164.32000732421875,164.89999389648438,161.60000610351562,161.6699981689453,5266400
2022-01-06,162.35000610351562,163.02000427246094,161.16000366210938,162.02999877929688,3597700
2022-01-07,162.0399932861328,162.57000732421875,161.4199981689453,161.77000427246094,4051800
2022-01-10,161.08999633789062,161.27999877929688,158.8000030517578,160.9600067138672,5845200
2022-01-11,161.13999938964844,162.52999877929688,159.9600067138672,162.47999572753906,4053700
2022-01-12,162.97999572753906,163.4600067138672,161.85000610351562,162.61000061035156,3526500
2022-01-13,163.02999877929688,163.6699981689453,161.49000549316406,161.86000061035156,3157800
2022-01-14,160.7899932861328,161.72999572753906,159.75,161.5800018310547,3948500
2022-01-18,160.5,160.5500030517578,158.5399932861328,159.00999450683594,4653200
2022-01-19,159.7100067138672,160.0,157.3000030517578,157.36000061035156,4899600
2022-01-20,157.77999877929688,159.58999633789062,155.2100067138672,155.36000061035156,7227200
2022-01-21,155.14999389648438,156.0399932861328,152.82000732421875,153.08999633789062,8646900
2022-01-24,151.0399932861328,154.47999572753906,148.16000366210938,154.24000549316406,10105000
2022-01-25,152.0500030517578,154.3000030517578,149.63999938964844,152.77999877929688,6199200
2022-01-26,154.0800018310547,155.36000061035156,150.14999389648438,151.5500030517578,8083200
2022-01-27,153.1300048828125,154.49000549316406,149.86000061035156,150.6999969482422,5311300
2022-01-28,150.44000244140625,153.27999877929688,148.97000122070312,153.27999877929688,5525700
2022-01-31,152.5399932861328,155.75999450683594,152.2899932861328,155.63999938964844,5070600
2022-02-01,155.6999969482422,157.02999877929688,154.64999389648438,156.85000610351562,5615600
2022-02-02,156.97999572753906,158.1699981689453,156.27000427246094,157.8699951171875,4974300
2022-02-03,156.8699951171875,157.6199951171875,155.66000366210938,155.8699951171875,5293900
2022-02-04,155.24000549316406,156.92999267578125,154.16000366210938,155.72999572753906,5358900
2022-02-07,155.9199981689453,157.00999450683594,155.50999450683594,155.8300018310547,2881100
2022-02-08,155.9600067138672,157.55999755859375,155.42999267578125,157.25999450683594,3488800
2022-02-09,158.75999450683594,160.07000732421875,158.5800018310547,159.9199981689453,3969700
2022-02-10,158.0,160.4499969482422,156.6699981689453,157.39999389648438,4940500
2022-02-11,157.47999572753906,158.52000427246094,154.74000549316406,155.32000732421875,4224800
2022-02-14,155.3800048828125,155.75,153.07000732421875,154.0800018310547,4231900
2022-02-15,155.39999389648438,156.55999755859375,155.22999572753906,156.42999267578125,2927000
2022-02-16,155.8000030517578,157.38999938964844,155.4600067138672,156.9499969482422,4015700
2022-02-17,155.75999450683594,156.0,153.8699951171875,154.1300048828125,3052100
2022-02-18,154.00999450683594,155.1199951171875,152.85000610351562,153.5500030517578,3681700
2022-02-22,153.3000030517578,153.99000549316406,150.97000122070312,152.02000427246094,4534400
2022-02-23,153.00999450683594,153.42999267578125,149.49000549316406,149.6699981689453,4773700
2022-02-24,146.5399932861328,151.27000427246094,146.1199951171875,151.10000610351562,8030900
2022-02-25,151.47999572753906,155.17999267578125,151.4600067138672,155.16000366210938,6433300
2022-02-28,152.89999389648438,154.9600067138672,152.39999389648438,154.25,6172900
2022-03-01,153.5800018310547,154.47999572753906,150.6199951171875,151.60000610351562,7314500
2022-03-02,152.49000549316406,155.4600067138672,152.4600067138672,154.8300018310547,5611900
2022-03-03,155.5500030517578,155.8699951171875,153.41000366210938,154.50999450683594,4578400
2022-03-04,153.0399932861328,153.67999267578125,151.77000427246094,153.5800018310547,4066500
2022-03-07,153.13999938964844,153.35000610351562,149.22000122070312,149.3300018310547,4467100
2022-03-08,149.63999938964844,151.77000427246094,148.24000549316406,148.25999450683594,5654700
2022-03-09,150.91000366210938,152.27000427246094,150.5,151.39999389648438,4120100
2022-03-10,149.6699981689453,151.3800048828125,149.39999389648438,151.11000061035156,2684000
2022-03-11,151.9499969482422,152.41000366210938,149.41000366210938,149.52000427246094,2091100
2022-03-14,150.1699981689453,151.05999755859375,148.36000061035156,148.97000122070312,2753400
2022-03-15,149.6199951171875,151.60000610351562,149.38999938964844,151.3699951171875,3326000
2022-03-16,152.47000122070312,154.24000549316406,150.8800048828125,154.22999572753906,4260500
2022-03-17,153.58999633789062,156.1699981689453,153.44000244140625,156.1699981689453,3085000
2022-03-18,155.6300048828125,157.33999633789062,155.30999755859375,157.1699981689453,2489600
2022-03-21,156.3699951171875,157.25,155.05999755859375,156.0800018310547,2529300
2022-03-22,156.77000427246094,157.7100067138672,156.72000122070312,157.38999938964844,2010300
2022-03-23,156.6999969482422,156.9199981689453,155.11000061035156,155.13999938964844,1802700
2022-03-24,155.7100067138672,156.97000122070312,155.17999267578125,156.9499969482422,953200
2022-03-25,157.33999633789062,158.08999633789062,156.58999633789062,158.02000427246094,988100
2022-03-28,157.77000427246094,158.49000549316406,156.72999572753906,158.49000549316406,1943100
2022-03-29,159.86000061035156,161.24000549316406,159.57000732421875,161.1199951171875,1903100
2022-03-30,160.69000244140625,161.00999450683594,159.1199951171875,159.88999938964844,2053100
2022-03-31,159.6699981689453,160.1999969482422,157.6300048828125,157.7100067138672,2252000
2022-04-01,158.4199981689453,158.5500030517578,156.92999267578125,158.22000122070312,2171600
2022-04-04,158.30999755859375,158.67999267578125,157.49000549316406,158.55999755859375,1814300
2022-04-05,158.2100067138672,159.0800018310547,156.4499969482422,156.8699951171875,1669600
2022-04-06,155.7899932861328,156.57000732421875,154.94000244140625,156.0800018310547,2000700
2022-04-07,155.91000366210938,157.1999969482422,154.7899932861328,156.55999755859375,1312300
2022-04-08,156.5,157.80999755859375,155.99000549316406,156.88999938964844,2334800
2022-04-11,156.1199951171875,157.02999877929688,155.19000244140625,155.3699951171875,1553500
2022-04-12,155.92999267578125,157.27000427246094,154.35000610351562,154.85000610351562,2301400
2022-04-13,154.99000549316406,156.7899932861328,154.99000549316406,156.60000610351562,1957000
2022-04-14,156.8000030517578,157.5399932861328,155.47999572753906,155.52999877929688,1735500
2022-04-18,155.1999969482422,156.0399932861328,154.5,155.1999969482422,1922500
2022-04-19,155.3000030517578,158.2100067138672,155.3000030517578,157.9499969482422,2264000
2022-04-20,158.6199951171875,159.77000427246094,158.38999938964844,158.9600067138672,2557200
2022-04-21,160.25,160.47999572753906,156.33999633789062,156.66000366210938,2620800
2022-04-22,156.07000732421875,156.16000366210938,152.27000427246094,152.38999938964844,3873000
2022-04-25,151.5,153.02999877929688,149.41000366210938,152.85000610351562,3456600
2022-04-26,151.94000244140625,152.2100067138672,149.1300048828125,149.19000244140625,2998400
2022-04-27,149.52999877929688,151.02999877929688,148.57000732421875,149.47000122070312,3588900
2022-04-28,150.74000549316406,152.7100067138672,148.72999572753906,152.07000732421875,4006200
2022-04-29,151.4199981689453,152.27000427246094,147.19000244140625,147.4499969482422,4108000
2022-05-02,147.60000610351562,148.8300018310547,144.74000549316406,147.85000610351562,5308800
2022-05-03,148.1199951171875,150.02999877929688,147.9199981689453,149.07000732421875,2430400
2022-05-04,149.3000030517578,153.4600067138672,148.1699981689453,153.22000122070312,2935800
2022-05-05,151.91000366210938,152.14999389648438,147.17999267578125,148.61000061035156,5450600
2022-05-06,147.77000427246094,148.2100067138672,145.2100067138672,147.25,3421500
2022-05-09,145.27000427246094,145.77000427246094,142.32000732421875,142.8800048828125,4993600
2022-05-10,144.72999572753906,145.3300018310547,140.66000366210938,142.50999450683594,5322100
2022-05-11,142.49000549316406,144.8699951171875,140.52000427246094,140.6699981689453,3826000
2022-05-12,140.0,142.25,138.8800048828125,141.27000427246094,4555100
2022-05-13,142.58999633789062,145.08999633789062,142.47999572753906,144.5,2373400
2022-05-16,144.02000427246094,145.1300048828125,142.97000122070312,143.99000549316406,2105600
2022-05-17,146.02999877929688,147.07000732421875,144.9499969482422,147.0399932861328,5057700
2022-05-18,145.55999755859375,145.58999633789062,141.00999450683594,141.50999450683594,2108300
2022-05-19,140.1999969482422,142.77999877929688,139.8800048828125,141.19000244140625,2515000
2022-05-20,142.36000061035156,142.57000732421875,138.1199951171875,141.19000244140625,4302400
2022-05-23,142.5800018310547,143.58999633789062,141.1699981689453,143.17999267578125,2905500
2022-05-24,142.2100067138672,142.6999969482422,139.80999755859375,142.2899932861328,4026400
2022-05-25,141.83999633789062,144.47000122070312,141.77000427246094,143.92999267578125,1937100
2022-05-26,144.77000427246094,147.61000061035156,144.77000427246094,146.97000122070312,3162500
2022-05-27,147.77999877929688,150.33999633789062,147.75,150.33999633789062,3196700
2022-05-31,149.4600067138672,150.1199951171875,148.13999938964844,148.92999267578125,2746200
2022-06-01,149.5800018310547,149.88999938964844,146.1300048828125,147.35000610351562,2113400
2022-06-02,147.4499969482422,149.97999572753906,146.69000244140625,149.94000244140625,1872400
2022-06-03,148.6199951171875,149.1699981689453,147.88999938964844,148.1699981689453,1591900
2022-06-06,149.3699951171875,149.91000366210938,148.35000610351562,148.7100067138672,2004800
2022-06-07,147.4199981689453,150.27999877929688,147.27999877929688,150.1300048828125,1581100
2022-06-08,149.42999267578125,149.72000122070312,147.7100067138672,148.00999450683594,1370300
2022-06-09,147.41000366210938,147.7100067138672,144.64999389648438,144.64999389648438,1182100
2022-06-10,142.38999938964844,142.5,140.7100067138672,140.7100067138672,2594700
2022-06-13,137.4199981689453,137.88999938964844,134.38999938964844,135.0500030517578,3705400
2022-06-14,135.7899932861328,136.1199951171875,133.16000366210938,134.35000610351562,3562600
2022-06-15,135.5500030517578,137.4199981689453,133.4499969482422,135.63999938964844,2899900
2022-06-16,132.85000610351562,132.85000610351562,129.9199981689453,130.83999633789062,2967400
2022-06-17,131.14999389648438,132.25999450683594,129.55999755859375,131.13999938964844,3359100
2022-06-21,132.3800048828125,133.25999450683594,132.0399932861328,132.69000244140625,1833300
2022-06-22,131.07000732421875,133.82000732421875,130.88999938964844,132.6199951171875,3062800
2022-06-23,133.22000122070312,133.97000122070312,131.99000549316406,133.72000122070312,2607900
2022-06-24,134.85000610351562,138.1199951171875,134.8000030517578,138.07000732421875,2259500
2022-06-27,138.49000549316406,138.77999877929688,137.27000427246094,138.0,2063000
2022-06-28,138.75,139.94000244140625,135.77999877929688,135.89999389648438,1664200
2022-06-29,135.94000244140625,135.97000122070312,134.3000030517578,135.07000732421875,2203500
2022-06-30,133.5399932861328,135.4499969482422,132.5,134.22999572753906,1868600
2022-07-01,133.97999572753906,136.17999267578125,133.1999969482422,135.8699951171875,2679100
2022-07-05,134.02999877929688,135.57000732421875,132.4600067138672,135.5500030517578,1646500
2022-07-06,135.52000427246094,136.50999450683594,134.39999389648438,135.5800018310547,1318500
2022-07-07,136.4499969482422,137.85000610351562,136.42999267578125,137.5500030517578,1481400
2022-07-08,137.3699951171875,137.94000244140625,136.27999877929688,137.0399932861328,1120400
2022-07-11,136.0399932861328,136.52999877929688,135.5500030517578,135.77999877929688,1346600
2022-07-12,135.25,136.69000244140625,134.50999450683594,135.1300048828125,1622200
2022-07-13,133.30999755859375,135.22000122070312,132.8000030517578,134.3800048828125,1679700
2022-07-14,132.24000549316406,133.49000549316406,131.47999572753906,133.32000732421875,1818900
2022-07-15,134.91000366210938,135.88999938964844,133.86000061035156,135.85000610351562,1669400
2022-07-18,136.9600067138672,137.2899932861328,134.8000030517578,135.25999450683594,1122600
2022-07-19,136.67999267578125,139.4199981689453,136.67999267578125,139.13999938964844,1441400
2022-07-20,138.97000122070312,140.41000366210938,138.7100067138672,140.07000732421875,2179800
2022-07-21,139.58999633789062,141.16000366210938,138.91000366210938,141.16000366210938,1331500
2022-07-22,141.41000366210938,141.97000122070312,139.4600067138672,140.33999633789062,1215400
2022-07-25,140.60000610351562,140.97000122070312,139.7100067138672,140.69000244140625,1571600
2022-07-26,140.25,140.25999450683594,139.25,139.58999633789062,903500
2022-07-27,140.3300018310547,142.82000732421875,140.08999633789062,142.3000030517578,2192800
2022-07-28,142.63999938964844,144.67999267578125,141.5399932861328,144.5500030517578,2438200
2022-07-29,144.52999877929688,146.1999969482422,144.2100067138672,145.83999633789062,1981900
2022-08-01,145.11000061035156,146.0399932861328,144.36000061035156,145.55999755859375,2047000
2022-08-02,145.02000427246094,146.25999450683594,144.24000549316406,144.52999877929688,1446900
2022-08-03,145.27999877929688,146.41000366210938,144.77000427246094,146.02999877929688,1772500
2022-08-04,145.85000610351562,146.17999267578125,145.5,145.72000122070312,1662700
2022-08-05,144.4199981689453,146.07000732421875,144.30999755859375,145.8800048828125,1454500
2022-08-08,146.67999267578125,147.6999969482422,146.02999877929688,146.2899932861328,1441500
2022-08-09,146.10000610351562,146.2100067138672,145.00999450683594,145.44000244140625,1237700
2022-08-10,147.83999633789062,148.75999450683594,147.6300048828125,148.5500030517578,3283100
2022-08-11,149.58999633789062,150.89999389648438,148.9499969482422,149.2100067138672,3091600
2022-08-12,149.88999938964844,151.63999938964844,149.67999267578125,151.6199951171875,2342600
2022-08-15,150.72000122070312,152.1300048828125,150.63999938964844,151.9499969482422,2753200
2022-08-16,151.50999450683594,153.10000610351562,151.38999938964844,152.38999938964844,1361700
2022-08-17,151.02999877929688,151.80999755859375,150.1300048828125,150.9600067138672,1394100
2022-08-18,151.0500030517578,151.63999938964844,150.66000366210938,151.44000244140625,1148500
2022-08-19,150.41000366210938,150.55999755859375,149.02000427246094,149.44000244140625,997400
2022-08-22,147.75,147.75,145.94000244140625,146.32000732421875,2248300
2022-08-23,146.38999938964844,147.1699981689453,145.75999450683594,145.94000244140625,1557400
2022-08-24,145.97000122070312,147.1699981689453,145.72000122070312,146.6699981689453,878800
2022-08-25,147.27000427246094,148.92999267578125,147.07000732421875,148.92999267578125,1779700
2022-08-26,149.10000610351562,149.1300048828125,144.07000732421875,144.1300048828125,1560500
2022-08-29,143.07000732421875,144.47000122070312,142.69000244140625,143.2899932861328,2167300
2022-08-30,143.72999572753906,143.77999877929688,141.17999267578125,141.77999877929688,2164600
2022-08-31,142.27999877929688,142.72000122070312,140.61000061035156,140.75999450683594,2165500
2022-09-01,139.80999755859375,140.99000549316406,138.63999938964844,140.8800048828125,1838600
2022-09-02,142.33999633789062,142.9499969482422,139.2100067138672,139.86000061035156,1296200
2022-09-06,140.3000030517578,140.49000549316406,138.52999877929688,139.47000122070312,1868500
2022-09-07,139.35000610351562,142.75999450683594,139.3300018310547,142.52999877929688,2094900
2022-09-08,141.69000244140625,143.82000732421875,141.1199951171875,143.75999450683594,2110200
2022-09-09,144.72999572753906,146.11000061035156,144.5,145.74000549316406,1548200
2022-09-12,146.58999633789062,147.4499969482422,146.25999450683594,147.10000610351562,1844600
2022-09-13,143.9600067138672,144.35000610351562,140.8699951171875,141.27999877929688,2008000
2022-09-14,141.5500030517578,141.8000030517578,140.07000732421875,141.27000427246094,1575900
2022-09-15,140.86000061035156,142.25999450683594,139.7899932861328,140.14999389648438,1678700
2022-09-16,138.61000061035156,139.0399932861328,137.5800018310547,138.75,2430900
2022-09-19,136.86000061035156,139.22000122070312,136.86000061035156,139.14999389648438,1283100
2022-09-20,138.00999450683594,138.10000610351562,135.9199981689453,136.91000366210938,1497600
2022-09-21,137.63999938964844,138.8000030517578,134.63999938964844,134.63999938964844,2226800
2022-09-22,134.55999755859375,134.7100067138672,132.60000610351562,132.7100067138672,3304900
2022-09-23,131.3800048828125,131.3800048828125,128.69000244140625,130.47999572753906,4099600
2022-09-26,129.99000549316406,130.97999572753906,128.08999633789062,128.58999633789062,2987200
2022-09-27,129.86000061035156,130.57000732421875,127.26000213623047,128.17999267578125,2756000
2022-09-28,128.9499969482422,131.80999755859375,128.4499969482422,131.16000366210938,4854500
2022-09-29,129.97000122070312,130.0,127.73999786376953,128.67999267578125,3154600
2022-09-30,128.57000732421875,129.85000610351562,127.08000183105469,127.27999877929688,2548300
2022-10-03,128.6699981689453,131.60000610351562,127.94000244140625,130.8300018310547,4943300
2022-10-04,132.85000610351562,135.36000061035156,132.80999755859375,135.33999633789062,4074600
2022-10-05,133.69000244140625,135.69000244140625,132.8000030517578,134.80999755859375,2399300
2022-10-06,134.25999450683594,135.3000030517578,133.0800018310547,133.30999755859375,1698900
2022-10-07,132.00999450683594,132.1999969482422,129.38999938964844,130.14999389648438,3197700
2022-10-10,130.61000061035156,130.75999450683594,128.39999389648438,129.27000427246094,3571800
2022-10-11,128.7899932861328,130.44000244140625,127.7300033569336,128.69000244140625,2521900
2022-10-12,128.74000549316406,129.13999938964844,127.91000366210938,128.02000427246094,2419900
2022-10-13,125.45999908447266,131.6999969482422,124.91999816894531,131.10000610351562,4820200
2022-10-14,131.97999572753906,132.6999969482422,127.91999816894531,128.1999969482422,2663400
2022-10-17,130.30999755859375,131.67999267578125,130.30999755859375,130.99000549316406,2500700
2022-10-18,133.50999450683594,134.2100067138672,131.6699981689453,132.92999267578125,4707000
2022-10-19,132.00999450683594,132.77999877929688,130.3699951171875,131.36000061035156,2030400
2022-10-20,131.52999877929688,132.77000427246094,129.6199951171875,129.89999389648438,2821500
2022-10-21,129.88999938964844,133.05999755859375,129.27999877929688,132.8699951171875,2535100
2022-10-24,133.52000427246094,134.72000122070312,132.6699981689453,134.35000610351562,2637600
2022-10-25,134.36000061035156,137.0500030517578,134.27000427246094,136.92999267578125,3735900
2022-10-26,137.05999755859375,138.8699951171875,136.80999755859375,137.1999969482422,2762100
2022-10-27,138.0,139.14999389648438,137.1699981689453,137.3300018310547,2734800
2022-10-28,137.39999389648438,140.3300018310547,137.22000122070312,140.17999267578125,3407200
2022-10-31,139.44000244140625,140.4499969482422,139.11000061035156,139.55999755859375,3715700
2022-11-01,141.02999877929688,141.22999572753906,139.25,139.89999389648438,3684400
2022-11-02,139.63999938964844,143.5500030517578,136.49000549316406,136.49000549316406,4326800
2022-11-03,135.0800018310547,136.74000549316406,134.08999633789062,135.8000030517578,4013800
2022-11-04,137.6999969482422,138.83999633789062,135.74000549316406,137.91000366210938,5355300
2022-11-07,138.47000122070312,139.1999969482422,137.5399932861328,139.00999450683594,3693600
2022-11-08,139.36000061035156,141.1300048828125,138.33999633789062,139.83999633789062,6172400
2022-11-09,138.9199981689453,139.6999969482422,137.1199951171875,137.3300018310547,2566800
2022-11-10,142.07000732421875,144.8800048828125,141.75,144.69000244140625,6723100
2022-11-11,145.17999267578125,146.5800018310547,144.74000549316406,146.0800018310547,7571900
2022-11-14,145.55999755859375,146.6199951171875,144.41000366210938,144.49000549316406,3673600
2022-11-15,146.63999938964844,146.9600067138672,144.4600067138672,145.85000610351562,3981800
2022-11-16,145.13999938964844,145.32000732421875,144.00999450683594,144.3000030517578,4210900
2022-11-17,142.3699951171875,143.49000549316406,141.75,143.4600067138672,5512600
2022-11-18,144.91000366210938,145.16000366210938,143.33999633789062,144.52999877929688,3439700
2022-11-21,143.91000366210938,144.6699981689453,143.55999755859375,144.47000122070312,1938100
2022-11-22,145.25999450683594,146.4600067138672,144.92999267578125,146.38999938964844,3184200
2022-11-23,146.14999389648438,147.24000549316406,146.0800018310547,147.0,2213200
2022-11-25,147.0,147.5,147.0,147.5,825500
2022-11-28,146.27999877929688,146.74000549316406,144.5800018310547,144.8699951171875,1915600
2022-11-29,145.13999938964844,145.7899932861328,144.6300048828125,145.3300018310547,2202100
2022-11-30,145.5,148.88999938964844,144.32000732421875,148.82000732421875,4546500
2022-12-01,149.6199951171875,150.1999969482422,148.35000610351562,149.02999877929688,3723600
2022-12-02,147.1699981689453,149.36000061035156,147.1699981689453,148.94000244140625,2260600
2022-12-05,147.8800048828125,147.97000122070312,145.6199951171875,146.05999755859375,2811400
2022-12-06,146.10000610351562,146.27000427246094,143.47000122070312,144.4600067138672,2693600
2022-12-07,144.05999755859375,145.27000427246094,143.91000366210938,144.22000122070312,2269900
2022-12-08,145.07000732421875,145.8699951171875,144.50999450683594,145.14999389648438,2570600
2022-12-09,144.66000366210938,145.41000366210938,143.97000122070312,144.02999877929688,1650200
2022-12-12,144.27000427246094,146.14999389648438,143.8699951171875,146.14999389648438,1914200
2022-12-13,150.0800018310547,150.0800018310547,146.1199951171875,147.1699981689453,4117400
2022-12-14,147.10000610351562,148.36000061035156,145.22999572753906,146.3000030517578,2919500
2022-12-15,144.4600067138672,144.72000122070312,142.5500030517578,143.08999633789062,3411200
2022-12-16,141.8300018310547,142.24000549316406,140.42999267578125,141.36000061035156,2988000
2022-12-19,140.86000061035156,141.14999389648438,138.9600067138672,139.6300048828125,4400500
2022-12-20,139.4600067138672,140.36000061035156,139.00999450683594,139.77000427246094,2076800
2022-12-21,140.94000244140625,142.27000427246094,140.77999877929688,141.92999267578125,3052200
2022-12-22,140.8300018310547,140.88999938964844,138.00999450683594,140.38999938964844,3763300
2022-12-23,140.27999877929688,141.33999633789062,139.57000732421875,141.2899932861328,2284500
2022-12-27,141.4199981689453,141.85000610351562,140.55999755859375,141.3800048828125,2010700
2022-12-28,141.47999572753906,141.89999389648438,139.32000732421875,139.35000610351562,2306100
2022-12-29,140.27999877929688,142.22000122070312,140.13999938964844,141.8300018310547,2587400
2022-12-30,140.94000244140625,141.33999633789062,139.9600067138672,141.25,2805100
2023-01-03,142.0800018310547,142.83999633789062,140.0,141.1199951171875,3859700
2023-01-04,142.0800018310547,143.9199981689453,141.85000610351562,143.32000732421875,2506200
2023-01-05,142.38999938964844,142.52999877929688,141.39999389648438,141.8300018310547,2243500
2023-01-06,143.32000732421875,145.63999938964844,142.30999755859375,145.22999572753906,2841600
2023-01-09,145.97000122070312,147.14999389648438,145.22000122070312,145.2899932861328,2701400
2023-01-10,145.10000610351562,146.41000366210938,144.64999389648438,146.3800048828125,2115300
2023-01-11,146.97000122070312,148.17999267578125,146.8000030517578,148.16000366210938,3979800
2023-01-12,148.61000061035156,149.24000549316406,147.22000122070312,148.72000122070312,2916800
2023-01-13,147.52999877929688,149.27000427246094,147.30999755859375,149.07000732421875,2069900
2023-01-17,148.97000122070312,149.66000366210938,148.55999755859375,148.74000549316406,3228600
2023-01-18,149.3300018310547,149.67999267578125,146.3699951171875,146.4499969482422,2689300
2023-01-19,145.5500030517578,145.82000732421875,144.3699951171875,144.94000244140625,2753100
2023-01-20,145.44000244140625,147.5399932861328,144.55999755859375,147.4600067138672,2564800
2023-01-23,147.7899932861328,149.9499969482422,147.5,149.3300018310547,2475700
2023-01-24,148.89999389648438,149.3699951171875,148.02999877929688,148.97999572753906,2383300
2023-01-25,147.72999572753906,149.35000610351562,146.9499969482422,149.32000732421875,2948800
2023-01-26,150.14999389648438,150.61000061035156,149.0,150.52000427246094,4367800
2023-01-27,150.2100067138672,151.5399932861328,149.97999572753906,150.8000030517578,2888300
2023-01-30,149.72999572753906,150.86000061035156,149.10000610351562,149.1999969482422,2587000
2023-01-31,149.5800018310547,151.72999572753906,149.24000549316406,151.72999572753906,3279900
2023-02-01,150.94000244140625,154.2899932861328,150.22999572753906,153.27999877929688,3688100
2023-02-02,154.35000610351562,155.72000122070312,153.6999969482422,154.9600067138672,4528000
2023-02-03,153.3800048828125,154.27999877929688,152.6300048828125,153.05999755859375,4671900
2023-02-06,152.07000732421875,152.4600067138672,151.47000122070312,151.97999572753906,1874000
2023-02-07,151.63999938964844,153.85000610351562,150.77000427246094,153.39999389648438,4267400
2023-02-08,152.58999633789062,153.13999938964844,151.60000610351562,151.88999938964844,2797000
2023-02-09,153.07000732421875,153.36000061035156,150.05999755859375,150.5,2179500
2023-02-10,150.08999633789062,151.10000610351562,149.80999755859375,150.9600067138672,2329900
2023-02-13,151.13999938964844,152.6699981689453,150.85000610351562,152.64999389648438,2036100
2023-02-14,152.25999450683594,153.4600067138672,151.02000427246094,152.36000061035156,3398000
2023-02-15,151.60000610351562,153.10000610351562,151.3000030517578,153.0800018310547,1892400
2023-02-16,151.2899932861328,152.74000549316406,150.92999267578125,151.35000610351562,2223700
2023-02-17,150.7100067138672,151.14999389648438,149.80999755859375,151.02999877929688,1673900
2023-02-21,149.7100067138672,149.8000030517578,147.52000427246094,147.75,2587800
2023-02-22,147.85000610351562,148.50999450683594,146.99000549316406,147.57000732421875,3720800
2023-02-23,148.47000122070312,148.80999755859375,146.55999755859375,148.1199951171875,2632600
2023-02-24,146.3699951171875,147.16000366210938,145.6699981689453,146.85000610351562,3517500
2023-02-27,148.10000610351562,148.6699981689453,146.67999267578125,147.02999877929688,2366500
2023-02-28,147.0800018310547,147.75999450683594,146.60000610351562,146.60000610351562,2763300
2023-03-01,146.35000610351562,146.88999938964844,145.74000549316406,146.3300018310547,2872500
2023-03-02,145.77000427246094,147.7899932861328,145.3000030517578,147.47999572753906,3517300
2023-03-03,148.17999267578125,149.72000122070312,147.61000061035156,149.5500030517578,3095000
2023-03-06,149.72999572753906,150.2100067138672,148.60000610351562,148.8300018310547,2626400
2023-03-07,148.8699951171875,149.02000427246094,146.22000122070312,146.42999267578125,2875200
2023-03-08,146.49000549316406,147.1699981689453,145.8800048828125,146.74000549316406,3049300
2023-03-09,146.85000610351562,147.2899932861328,143.19000244140625,143.5,3693800
2023-03-10,143.1300048828125,143.50999450683594,139.64999389648438,140.47000122070312,7123300
2023-03-13,138.00999450683594,140.6999969482422,137.02000427246094,138.75,8104700
2023-03-14,141.22000122070312,141.9499969482422,139.11000061035156,140.6999969482422,3819100
2023-03-15,138.11000061035156,138.72999572753906,136.6699981689453,138.72999572753906,6605200
2023-03-16,137.52000427246094,140.69000244140625,137.13999938964844,140.39999389648438,8420400
2023-03-17,139.9600067138672,139.9600067138672,137.5800018310547,138.02999877929688,4967300
2023-03-20,137.88999938964844,139.6699981689453,137.88999938964844,139.1199951171875,3404300
2023-03-21,140.6999969482422,141.25999450683594,140.13999938964844,140.97999572753906,2214900
2023-03-22,140.99000549316406,141.49000549316406,137.67999267578125,137.80999755859375,5039600
2023-03-23,138.52000427246094,139.88999938964844,136.3699951171875,137.35000610351562,7020600
2023-03-24,136.61000061035156,138.6199951171875,135.7899932861328,138.52000427246094,6862600
2023-03-27,139.7100067138672,140.14999389648438,138.86000061035156,139.44000244140625,3065600
2023-03-28,139.22999572753906,140.1300048828125,139.10000610351562,139.72000122070312,1693400
2023-03-29,141.0,141.92999267578125,140.8300018310547,141.82000732421875,2480600
2023-03-30,142.94000244140625,143.17999267578125,141.92999267578125,142.52000427246094,2695900
2023-03-31,143.0800018310547,144.67999267578125,143.0800018310547,144.6199951171875,2737800
2023-04-03,144.72000122070312,145.2899932861328,144.05999755859375,144.74000549316406,3390800
2023-04-04,145.02999877929688,145.10000610351562,142.64999389648438,143.2899932861328,2904000
2023-04-05,142.85000610351562,143.41000366210938,142.3699951171875,142.99000549316406,3234000
2023-04-06,142.8300018310547,143.27999877929688,142.3800048828125,143.08999633789062,2182700
2023-04-10,142.49000549316406,144.0,142.36000061035156,143.9600067138672,2635300
2023-04-11,144.38999938964844,145.44000244140625,144.32000732421875,144.89999389648438,2225200
2023-04-12,145.80999755859375,145.8699951171875,143.97999572753906,144.1999969482422,3066100
2023-04-13,144.4499969482422,145.55999755859375,143.86000061035156,145.30999755859375,3190500
2023-04-14,145.27999877929688,145.99000549316406,143.91000366210938,144.64999389648438,2504300
2023-04-17,144.7100067138672,145.63999938964844,144.44000244140625,145.6300048828125,2399800
2023-04-18,146.0399932861328,146.2100067138672,145.1199951171875,145.63999938964844,1569400
2023-04-19,145.0,145.85000610351562,144.8699951171875,145.67999267578125,1784900
2023-04-20,144.72000122070312,145.39999389648438,144.38999938964844,144.8800048828125,3451700
2023-04-21,145.1300048828125,145.1300048828125,144.1300048828125,144.9199981689453,2160900
2023-04-24,144.86000061035156,145.2899932861328,144.58999633789062,145.19000244140625,1523600
2023-04-25,144.39999389648438,144.42999267578125,142.63999938964844,142.72000122070312,2563200
2023-04-26,142.39999389648438,142.47999572753906,140.94000244140625,141.22999572753906,5378700
2023-04-27,141.82000732421875,143.5800018310547,141.42999267578125,143.5500030517578,5993000
2023-04-28,143.25999450683594,145.19000244140625,143.22999572753906,145.13999938964844,2965600
2023-05-01,145.02999877929688,145.8300018310547,144.86000061035156,145.00999450683594,3000900
2023-05-02,144.52999877929688,144.52999877929688,141.4499969482422,142.83999633789062,4489800
2023-05-03,143.10000610351562,144.25,141.88999938964844,142.00999450683594,5835800
2023-05-04,141.69000244140625,141.91000366210938,140.16000366210938,140.66000366210938,5483300
2023-05-05,141.89999389648438,143.42999267578125,141.89999389648438,143.02999877929688,4860300
2023-05-08,143.4199981689453,143.44000244140625,142.3000030517578,142.77000427246094,2332900
2023-05-09,142.1199951171875,142.5800018310547,141.75999450683594,142.24000549316406,2242700
2023-05-10,143.25999450683594,143.42999267578125,140.9199981689453,142.22000122070312,3871400
2023-05-11,141.61000061035156,141.75,140.77999877929688,141.50999450683594,3839400
2023-05-12,142.0399932861328,142.17999267578125,140.60000610351562,141.52000427246094,3477400
2023-05-15,141.72999572753906,142.5399932861328,141.25999450683594,142.32000732421875,2322700
2023-05-16,141.86000061035156,141.86000061035156,140.2899932861328,140.30999755859375,4668100
2023-05-17,141.05999755859375,142.39999389648438,140.4199981689453,142.08999633789062,6902700
2023-05-18,141.8699951171875,143.38999938964844,141.61000061035156,143.24000549316406,3800000
2023-05-19,143.67999267578125,143.8699951171875,142.3300018310547,142.86000061035156,5758200
2023-05-22,142.94000244140625,143.67999267578125,142.22000122070312,143.0800018310547,4411500
2023-05-23,142.60000610351562,143.10000610351562,141.44000244140625,141.5500030517578,6919600
2023-05-24,140.92999267578125,141.00999450683594,139.72999572753906,140.00999450683594,2940500
2023-05-25,140.17999267578125,140.39999389648438,138.9499969482422,139.9199981689453,4696000
2023-05-26,140.2100067138672,141.27000427246094,140.02999877929688,141.08999633789062,4572500
2023-05-30,141.3699951171875,141.72000122070312,140.36000061035156,140.83999633789062,8268500
2023-05-31,140.1300048828125,140.22000122070312,138.80999755859375,139.61000061035156,7611200
2023-06-01,139.8699951171875,141.11000061035156,139.0500030517578,140.66000366210938,4478300
2023-06-02,141.89999389648438,144.02999877929688,141.8300018310547,143.72999572753906,10284600
2023-06-05,143.91000366210938,143.9600067138672,143.0,143.24000549316406,5415100
2023-06-06,143.1699981689453,144.4199981689453,143.02999877929688,144.2100067138672,5333300
2023-06-07,144.47999572753906,145.47000122070312,144.16000366210938,145.27000427246094,13306200
2023-06-08,145.0500030517578,145.5399932861328,144.33999633789062,145.3300018310547,5882400
2023-06-09,145.5,145.83999633789062,144.8300018310547,145.16000366210938,4396800
2023-06-12,145.4499969482422,146.2100067138672,145.0,146.1199951171875,3733100
2023-06-13,146.58999633789062,147.75,146.39999389648438,147.52999877929688,6802500
2023-06-14,147.9199981689453,148.4600067138672,146.4199981689453,147.25,8456400
2023-06-15,146.9499969482422,149.3000030517578,146.9499969482422,148.9499969482422,5177400
2023-06-16,149.61000061035156,149.8800048828125,148.60000610351562,148.8300018310547,11152900
2023-06-20,147.47000122070312,147.49000549316406,146.2899932861328,146.83999633789062,4514200
2023-06-21,146.39999389648438,147.16000366210938,145.8300018310547,146.6300048828125,5481700
2023-06-22,146.4199981689453,146.5500030517578,145.47000122070312,146.02999877929688,3852200
2023-06-23,145.00999450683594,145.47999572753906,144.52000427246094,144.77000427246094,3869600
2023-06-26,144.77000427246094,146.0399932861328,144.77000427246094,145.64999389648438,4300000
2023-06-27,145.86000061035156,147.63999938964844,145.58999633789062,147.42999267578125,8880500
2023-06-28,147.1699981689453,147.32000732421875,146.47999572753906,147.17999267578125,4335600
2023-06-29,147.1300048828125,148.35000610351562,146.83999633789062,148.3300018310547,7610700
2023-06-30,149.25,150.00999450683594,148.88999938964844,149.63999938964844,4742300
2023-07-03,149.35000610351562,150.24000549316406,149.14999389648438,150.00999450683594,2797300
2023-07-05,149.38999938964844,149.8300018310547,148.8699951171875,149.3699951171875,4333900
2023-07-06,148.0,148.2899932861328,146.94000244140625,148.14999389648438,7769500
2023-07-07,147.91000366210938,149.7899932861328,147.82000732421875,148.52000427246094,3213100
2023-07-10,148.4199981689453,150.02999877929688,148.36000061035156,149.85000610351562,4145800
2023-07-11,150.22000122070312,151.72000122070312,150.19000244140625,151.5399932861328,10166300
2023-07-12,152.97000122070312,153.02000427246094,152.07000732421875,152.24000549316406,6668900
2023-07-13,152.69000244140625,153.1999969482422,152.33999633789062,152.9600067138672,5458400
2023-07-14,153.10000610351562,153.10000610351562,151.67999267578125,152.05999755859375,6345100
2023-07-17,151.77999877929688,152.77000427246094,151.32000732421875,152.35000610351562,5352900
2023-07-18,152.35000610351562,153.60000610351562,152.22000122070312,153.2899932861328,5442200
2023-07-19,153.58999633789062,154.32000732421875,153.42999267578125,154.0500030517578,8551800
2023-07-20,153.88999938964844,154.1699981689453,153.35000610351562,153.88999938964844,7542400
2023-07-21,154.39999389648438,154.58999633789062,153.6300048828125,154.11000061035156,5511700
2023-07-24,154.39999389648438,154.8300018310547,154.05999755859375,154.5399932861328,3358000
2023-07-25,154.33999633789062,155.0800018310547,154.11000061035156,154.64999389648438,5010400
2023-07-26,154.35000610351562,155.3300018310547,154.25999450683594,155.0,5149100
2023-07-27,155.77000427246094,155.77000427246094,153.3699951171875,153.63999938964844,6057500
2023-07-28,155.0500030517578,155.10000610351562,153.7899932861328,154.39999389648438,6004400
2023-07-31,154.75,155.19000244140625,154.35000610351562,154.8800048828125,3809500
2023-08-01,154.17999267578125,154.64999389648438,153.77999877929688,154.25,3038100
2023-08-02,153.07000732421875,153.52999877929688,152.4499969482422,152.77999877929688,6038100
2023-08-03,152.1999969482422,152.5399932861328,151.44000244140625,152.02000427246094,4871400
2023-08-04,152.35000610351562,153.1300048828125,151.14999389648438,151.33999633789062,4016200
2023-08-07,151.9199981689453,152.7100067138672,151.8699951171875,152.6199951171875,3359000
2023-08-08,151.25999450683594,152.00999450683594,150.39999389648438,151.86000061035156,3521700
2023-08-09,151.97999572753906,152.44000244140625,151.1999969482422,151.4199981689453,5116400
2023-08-10,152.16000366210938,153.11000061035156,150.91000366210938,151.24000549316406,3943500
2023-08-11,150.77000427246094,151.67999267578125,150.6300048828125,151.27000427246094,4139400
2023-08-14,150.99000549316406,151.25999450683594,150.4499969482422,151.24000549316406,2929100
2023-08-15,150.33999633789062,150.38999938964844,149.08999633789062,149.25,3439800
2023-08-16,149.0500030517578,149.6699981689453,148.1199951171875,148.16000366210938,5386200
2023-08-17,148.74000549316406,148.8300018310547,146.92999267578125,147.02000427246094,5092200
2023-08-18,146.1300048828125,147.52000427246094,145.9199981689453,147.27999877929688,4654100
2023-08-21,147.41000366210938,147.67999267578125,146.24000549316406,147.25,3909100
2023-08-22,147.52999877929688,147.74000549316406,146.52000427246094,146.6699981689453,3955500
2023-08-23,146.97999572753906,148.02000427246094,146.66000366210938,147.88999938964844,3683200
2023-08-24,147.7899932861328,148.80999755859375,146.4499969482422,146.47000122070312,3281000
2023-08-25,147.07000732421875,147.80999755859375,145.9600067138672,147.2100067138672,5393300
2023-08-28,147.8800048828125,148.69000244140625,147.77000427246094,148.30999755859375,4273700
2023-08-29,148.41000366210938,150.02000427246094,148.14999389648438,149.97999572753906,5362000
2023-08-30,150.05999755859375,150.6699981689453,149.91000366210938,150.4499969482422,6138000
2023-08-31,150.7100067138672,150.77000427246094,149.8699951171875,149.9199981689453,5314200
2023-09-01,150.86000061035156,151.1699981689453,150.10000610351562,150.5399932861328,4846200
2023-09-05,150.30999755859375,150.30999755859375,148.6300048828125,148.67999267578125,3754600
2023-09-06,148.41000366210938,148.7899932861328,147.44000244140625,148.1699981689453,5019700
2023-09-07,147.75999450683594,148.08999633789062,147.05999755859375,147.5800018310547,4834200
2023-09-08,147.77999877929688,148.02999877929688,147.38999938964844,147.64999389648438,2480800
2023-09-11,148.3300018310547,148.5800018310547,147.6199951171875,147.88999938964844,2917500
2023-09-12,147.5500030517578,148.3699951171875,147.50999450683594,147.6999969482422,3062400
2023-09-13,147.83999633789062,148.02999877929688,146.69000244140625,147.11000061035156,3821800
2023-09-14,148.11000061035156,148.92999267578125,147.9600067138672,148.8300018310547,3080600
2023-09-15,148.35000610351562,148.7100067138672,147.44000244140625,147.5800018310547,3637700
2023-09-18,146.89999389648438,147.0500030517578,146.2100067138672,146.58999633789062,2843700
2023-09-19,146.5800018310547,146.75,145.66000366210938,146.35000610351562,3814000
2023-09-20,146.91000366210938,147.41000366210938,145.6300048828125,145.67999267578125,4128100
2023-09-21,145.02000427246094,145.1699981689453,143.17999267578125,143.25999450683594,4778100
2023-09-22,143.50999450683594,143.69000244140625,142.55999755859375,142.69000244140625,3362700
2023-09-25,142.0800018310547,143.0800018310547,142.0500030517578,143.0500030517578,6184600
2023-09-26,142.25,142.60000610351562,140.91000366210938,141.0399932861328,4013000
2023-09-27,141.64999389648438,141.80999755859375,140.13999938964844,141.08999633789062,5306400
2023-09-28,141.08999633789062,142.60000610351562,141.08999633789062,142.07000732421875,6516300
2023-09-29,142.99000549316406,143.2100067138672,141.27999877929688,141.69000244140625,5839300
2023-10-02,141.25,141.47999572753906,139.41000366210938,140.08999633789062,7668900
2023-10-03,139.3000030517578,139.9199981689453,137.91000366210938,138.41000366210938,6579100
2023-10-04,138.77000427246094,139.3300018310547,137.50999450683594,139.1999969482422,7483500
2023-10-05,139.10000610351562,139.38999938964844,137.9600067138672,138.8000030517578,4976800
2023-10-06,138.1199951171875,140.74000549316406,137.32000732421875,140.0,8193300
2023-10-09,139.4199981689453,141.2100067138672,139.3300018310547,141.0,3955400
2023-10-10,141.3699951171875,142.9199981689453,141.27999877929688,142.0800018310547,5192900
2023-10-11,142.22000122070312,142.69000244140625,141.38999938964844,142.3800048828125,4211300
2023-10-12,142.57000732421875,142.61000061035156,139.77999877929688,140.60000610351562,6378300
2023-10-13,141.02000427246094,141.4499969482422,139.69000244140625,140.2899932861328,5019900
2023-10-16,141.27999877929688,142.3000030517578,140.66000366210938,142.0399932861328,3995000
2023-10-17,141.2100067138672,143.5,141.2100067138672,142.74000549316406,4954900
2023-10-18,142.02999877929688,142.11000061035156,140.2899932861328,140.47999572753906,3986800
2023-10-19,140.4499969482422,141.05999755859375,138.50999450683594,138.74000549316406,6056300
2023-10-20,138.4600067138672,138.69000244140625,136.97000122070312,137.00999450683594,5247800
2023-10-23,136.33999633789062,137.6300048828125,135.88999938964844,136.13999938964844,7157000
2023-10-24,136.8000030517578,137.64999389648438,136.33999633789062,137.00999450683594,6337700
2023-10-25,136.36000061035156,136.60000610351562,135.30999755859375,135.5,6627700
2023-10-26,135.38999938964844,136.4199981689453,135.02000427246094,135.22000122070312,13893800
2023-10-27,135.55999755859375,135.55999755859375,133.33999633789062,133.66000366210938,7744900
2023-10-30,134.50999450683594,135.0399932861328,133.5399932861328,134.7100067138672,10830300
2023-10-31,135.02999877929688,135.97000122070312,134.5,135.8300018310547,6021900
2023-11-01,135.8699951171875,136.5399932861328,135.1699981689453,136.2899932861328,6508700
2023-11-02,137.42999267578125,139.4199981689453,137.3800048828125,139.30999755859375,7961700
2023-11-03,140.82000732421875,142.25,140.77000427246094,141.58999633789062,7473300
2023-11-06,141.7100067138672,141.83999633789062,140.3800048828125,140.85000610351562,5054800
2023-11-07,140.58999633789062,140.9199981689453,140.07000732421875,140.5500030517578,3636800
2023-11-08,140.72000122070312,140.94000244140625,139.72999572753906,140.32000732421875,3994900
2023-11-09,140.8800048828125,140.94000244140625,139.0399932861328,139.1300048828125,6288500
2023-11-10,139.7100067138672,140.88999938964844,139.02999877929688,140.75999450683594,6783800
2023-11-13,140.30999755859375,140.9600067138672,140.05999755859375,140.5800018310547,4142700
2023-11-14,142.77999877929688,145.0399932861328,142.77000427246094,144.58999633789062,15157800
2023-11-15,144.88999938964844,146.22999572753906,144.88999938964844,145.27000427246094,8133800
2023-11-16,145.14999389648438,145.52999877929688,144.35000610351562,144.7899932861328,5466700
2023-11-17,145.4499969482422,145.66000366210938,144.9600067138672,145.49000549316406,5027100
2023-11-20,145.3300018310547,146.4199981689453,144.8300018310547,146.07000732421875,6441800
2023-11-21,145.82000732421875,146.0800018310547,145.49000549316406,145.8000030517578,4612600
2023-11-22,146.25999450683594,146.86000061035156,146.00999450683594,146.47999572753906,4388100
2023-11-24,146.42999267578125,147.02999877929688,146.35000610351562,146.91000366210938,1156200
2023-11-27,146.5500030517578,146.8300018310547,146.1199951171875,146.61000061035156,3848000
2023-11-28,146.42999267578125,147.14999389648438,146.08999633789062,146.47000122070312,3960800
2023-11-29,147.1199951171875,148.0800018310547,146.85000610351562,147.0500030517578,5732900
2023-11-30,147.5500030517578,148.3699951171875,146.8699951171875,148.3000030517578,7763200
2023-12-01,148.16000366210938,150.57000732421875,148.00999450683594,150.52999877929688,12060800
2023-12-04,149.52999877929688,151.00999450683594,149.52999877929688,150.60000610351562,9572900
2023-12-05,149.97999572753906,150.02000427246094,148.94000244140625,149.25999450683594,6384200
2023-12-06,149.97000122070312,150.6199951171875,149.17999267578125,149.30999755859375,5237800
2023-12-07,149.7899932861328,150.27000427246094,149.41000366210938,150.10000610351562,6054300
2023-12-08,149.97000122070312,150.9499969482422,149.88999938964844,150.57000732421875,5181700
2023-12-11,150.75999450683594,151.92999267578125,150.67999267578125,151.91000366210938,7130700
2023-12-12,151.97999572753906,152.3800048828125,151.22999572753906,152.17999267578125,4633800
2023-12-13,152.16000366210938,155.4499969482422,151.92999267578125,155.41000366210938,11782700
2023-12-14,156.66000366210938,158.25,156.66000366210938,157.52999877929688,21351900
2023-12-15,157.2899932861328,157.30999755859375,155.8800048828125,156.41000366210938,8883500
2023-12-18,156.39999389648438,156.50999450683594,155.6300048828125,155.8699951171875,8628600
2023-12-19,156.39999389648438,157.25,156.1999969482422,157.17999267578125,10130900
2023-12-20,156.8000030517578,157.3800048828125,154.50999450683594,154.5800018310547,7411100
2023-12-21,155.8300018310547,156.52000427246094,155.07000732421875,156.47999572753906,6988900
2023-12-22,156.9199981689453,157.58999633789062,156.33999633789062,157.00999450683594,5749900
2023-12-26,157.2899932861328,158.32000732421875,157.0500030517578,157.91000366210938,4053100
2023-12-27,158.0800018310547,158.32000732421875,157.58999633789062,158.05999755859375,4380300
2023-12-28,158.05999755859375,158.60000610351562,158.0500030517578,158.41000366210938,4047000
2023-12-29,158.0399932861328,158.52999877929688,157.3300018310547,157.8000030517578,5339200
2024-01-02,157.02000427246094,158.35000610351562,156.77000427246094,157.85000610351562,9816500
2024-01-03,156.97999572753906,156.97999572753906,155.3000030517578,155.52000427246094,9207500
2024-01-04,155.4600067138672,156.2899932861328,155.1999969482422,155.25999450683594,5621600
2024-01-05,155.00999450683594,156.60000610351562,154.8300018310547,155.7100067138672,8379600
2024-01-08,155.66000366210938,157.3800048828125,155.3000030517578,157.3800048828125,7954000
2024-01-09,156.3800048828125,157.0800018310547,156.07000732421875,156.5800018310547,6419100
2024-01-10,156.5800018310547,157.14999389648438,156.07000732421875,156.85000610351562,4620700
2024-01-11,156.8000030517578,156.8300018310547,155.16000366210938,156.39999389648438,7070600
2024-01-12,157.13999938964844,157.3800048828125,155.7100067138672,156.0500030517578,5568500
2024-01-16,155.36000061035156,155.47000122070312,154.52000427246094,155.05999755859375,6942300
2024-01-17,153.8699951171875,154.60000610351562,153.10000610351562,153.83999633789062,5775000
2024-01-18,154.02999877929688,154.77000427246094,153.16000366210938,154.6300048828125,7267100
2024-01-19,154.99000549316406,156.14999389648438,154.07000732421875,155.82000732421875,8488600
2024-01-22,156.2899932861328,157.2100067138672,156.25,156.63999938964844,9964200
2024-01-23,157.0,157.38999938964844,156.1699981689453,156.72000122070312,4785800
2024-01-24,157.6999969482422,157.7100067138672,155.80999755859375,155.91000366210938,5688000
2024-01-25,157.1699981689453,157.5,156.36000061035156,157.47999572753906,5832000
2024-01-26,157.66000366210938,157.97999572753906,157.1999969482422,157.5,5997700
2024-01-29,157.33999633789062,158.52000427246094,157.0800018310547,158.4600067138672,4501700
2024-01-30,158.00999450683594,158.83999633789062,157.85000610351562,158.49000549316406,7258200
2024-01-31,158.47999572753906,158.58999633789062,156.3800048828125,156.4600067138672,8928200
2024-02-01,156.7899932861328,158.3800048828125,155.7899932861328,158.27999877929688,8008200
2024-02-02,157.61000061035156,158.91000366210938,156.74000549316406,158.13999938964844,8128900
2024-02-05,157.36000061035156,157.42999267578125,156.1300048828125,156.77999877929688,8633400
2024-02-06,156.9499969482422,157.8699951171875,156.75999450683594,157.77000427246094,6059000
2024-02-07,158.50999450683594,158.77000427246094,157.6199951171875,158.38999938964844,6706000
2024-02-08,158.42999267578125,158.83999633789062,157.97000122070312,158.74000549316406,4900200
2024-02-09,158.69000244140625,159.0800018310547,158.14999389648438,158.92999267578125,5055000
2024-02-12,159.0,160.52999877929688,158.99000549316406,160.00999450683594,6971900
2024-02-13,157.85000610351562,158.2100067138672,156.16000366210938,157.35000610351562,9741100
2024-02-14,158.14999389648438,158.89999389648438,157.58999633789062,158.7899932861328,11291300
2024-02-15,159.4199981689453,160.91000366210938,159.3699951171875,160.75999450683594,5846600
2024-02-16,160.19000244140625,161.08999633789062,159.8800048828125,160.02999877929688,5061200
2024-02-20,159.3000030517578,159.9600067138672,159.24000549316406,159.66000366210938,6827700
2024-02-21,159.25,160.02999877929688,158.9199981689453,159.97999572753906,4602900
2024-02-22,160.82000732421875,161.97999572753906,160.47999572753906,161.57000732421875,9128000
2024-02-23,161.94000244140625,162.41000366210938,161.6300048828125,162.0,6375200
2024-02-26,161.97999572753906,162.41000366210938,161.24000549316406,161.35000610351562,5164000
2024-02-27,161.8699951171875,162.10000610351562,161.52000427246094,162.05999755859375,4362900
2024-02-28,161.6699981689453,162.49000549316406,161.49000549316406,162.1199951171875,4296800
2024-02-29,162.88999938964844,163.22000122070312,162.11000061035156,162.7899932861328,6298500
2024-03-01,163.0,164.0,162.22999572753906,163.92999267578125,6389300
2024-03-04,163.83999633789062,164.6999969482422,163.83999633789062,164.22999572753906,5165000
2024-03-05,163.9600067138672,164.6699981689453,162.8699951171875,163.47999572753906,6260600
2024-03-06,164.3699951171875,164.97000122070312,163.89999389648438,164.41000366210938,6041100
2024-03-07,165.4199981689453,165.97000122070312,165.30999755859375,165.6999969482422,6407600
2024-03-08,166.16000366210938,166.72000122070312,165.27999877929688,165.50999450683594,9114500
2024-03-11,165.16000366210938,165.82000732421875,164.6300048828125,165.72000122070312,5503800
2024-03-12,166.02000427246094,166.4600067138672,165.24000549316406,166.14999389648438,6357900
2024-03-13,166.27000427246094,166.82000732421875,165.74000549316406,166.22999572753906,4644000
2024-03-14,166.27999877929688,166.35000610351562,163.6999969482422,164.74000549316406,7757600
2024-03-15,163.6699981689453,164.97999572753906,163.66000366210938,164.4199981689453,7973400
2024-03-18,164.3300018310547,164.74000549316406,163.69000244140625,164.19000244140625,4712600
2024-03-19,164.1699981689453,165.2100067138672,164.0399932861328,165.1699981689453,5789400
2024-03-20,165.0800018310547,166.72999572753906,164.8000030517578,166.5800018310547,4925700
2024-03-21,167.33999633789062,168.17999267578125,167.16000366210938,167.72000122070312,6010900
2024-03-22,167.8000030517578,168.0,166.61000061035156,166.63999938964844,3178700
2024-03-25,166.6300048828125,167.0500030517578,166.25999450683594,166.27999877929688,2903700
2024-03-26,166.8000030517578,166.99000549316406,166.05999755859375,166.1199951171875,3669800
2024-03-27,167.13999938964844,168.7899932861328,167.0500030517578,168.77999877929688,5999200
2024-03-28,169.16000366210938,169.8000030517578,168.9600067138672,169.3699951171875,3728100
2024-04-01,169.60000610351562,169.6699981689453,168.24000549316406,168.3699951171875,4757200
2024-04-02,167.50999450683594,167.50999450683594,166.42999267578125,166.9199981689453,4598400
2024-04-03,166.7100067138672,167.39999389648438,166.5800018310547,167.10000610351562,4442700
2024-04-04,168.38999938964844,168.57000732421875,165.00999450683594,165.39999389648438,7150800
2024-04-05,165.58999633789062,166.8300018310547,165.1999969482422,166.38999938964844,5697000
2024-04-08,166.6300048828125,167.4199981689453,166.50999450683594,166.89999389648438,22497300
2024-04-09,167.4600067138672,167.77000427246094,166.0500030517578,167.55999755859375,5483600
2024-04-10,165.1999969482422,165.7899932861328,164.11000061035156,164.7100067138672,7550600
2024-04-11,165.00999450683594,165.25999450683594,163.5399932861328,164.58999633789062,6831200
2024-04-12,163.5500030517578,163.92999267578125,161.52999877929688,161.97999572753906,6567600
2024-04-15,163.64999389648438,163.8000030517578,160.02999877929688,160.5800018310547,9546700
2024-04-16,160.41000366210938,160.5399932861328,159.1999969482422,159.69000244140625,7389600
2024-04-17,160.47000122070312,160.60000610351562,158.8699951171875,159.36000061035156,8056700
2024-04-18,159.9499969482422,160.47999572753906,158.8300018310547,159.2100067138672,6683000
2024-04-19,159.52000427246094,160.33999633789062,159.30999755859375,159.80999755859375,8816300
2024-04-22,160.50999450683594,161.85000610351562,159.6199951171875,161.02999877929688,4775500
2024-04-23,161.33999633789062,162.82000732421875,161.2100067138672,162.4600067138672,3998000
2024-04-24,162.1999969482422,162.85000610351562,161.77999877929688,162.69000244140625,4164000
2024-04-25,161.9600067138672,162.60000610351562,160.55999755859375,162.35000610351562,7408300
2024-04-26,162.0,162.99000549316406,161.80999755859375,162.42999267578125,5649500
2024-04-29,162.88999938964844,163.69000244140625,162.82000732421875,163.55999755859375,3882800
2024-04-30,162.85000610351562,162.9499969482422,161.1699981689453,161.1999969482422,4935800
2024-05-01,160.75,162.80999755859375,160.17999267578125,160.64999389648438,9285200
2024-05-02,161.64999389648438,162.0399932861328,160.08999633789062,161.63999938964844,5677900
2024-05-03,162.97000122070312,163.52999877929688,162.1300048828125,162.7899932861328,9751400
2024-05-06,163.64999389648438,164.0500030517578,163.27000427246094,164.0399932861328,4928700
2024-05-07,164.5,164.99000549316406,164.36000061035156,164.5,4511200
2024-05-08,163.94000244140625,164.58999633789062,163.7899932861328,164.4600067138672,3346100
2024-05-09,164.4199981689453,165.8800048828125,164.33999633789062,165.83999633789062,3413000
2024-05-10,166.39999389648438,166.5500030517578,165.85000610351562,166.11000061035156,3425000
2024-05-13,166.66000366210938,167.14999389648438,165.94000244140625,166.07000732421875,2514400
2024-05-14,166.60000610351562,167.10000610351562,166.0500030517578,166.72999572753906,5446900
2024-05-15,167.7100067138672,168.1999969482422,167.41000366210938,168.05999755859375,5739400
2024-05-16,168.1699981689453,168.38999938964844,167.77000427246094,167.7899932861328,4779400
2024-05-17,167.85000610351562,168.1300048828125,167.5500030517578,168.0399932861328,3461400
2024-05-20,168.19000244140625,168.47000122070312,167.64999389648438,167.89999389648438,3756300
2024-05-21,167.77000427246094,167.89999389648438,167.3300018310547,167.8300018310547,3751200
2024-05-22,167.36000061035156,167.9199981689453,166.75,167.19000244140625,2841500
2024-05-23,167.49000549316406,167.5,164.7100067138672,164.85000610351562,5841400
2024-05-24,165.5500030517578,166.22999572753906,165.39999389648438,165.94000244140625,3252000
2024-05-28,165.9600067138672,166.02000427246094,164.30999755859375,164.7899932861328,4160000
2024-05-29,163.47000122070312,163.47000122070312,162.77999877929688,162.86000061035156,6843200
2024-05-30,162.92999267578125,163.77999877929688,162.67999267578125,163.61000061035156,5335500
2024-05-31,163.94000244140625,165.8300018310547,163.32000732421875,165.77999877929688,4335200
2024-06-03,166.10000610351562,166.1199951171875,163.60000610351562,164.89999389648438,6125400
2024-06-04,164.1300048828125,164.85000610351562,163.72999572753906,164.39999389648438,5446500
2024-06-05,164.77000427246094,165.4499969482422,163.8300018310547,165.39999389648438,5788700
2024-06-06,165.1699981689453,165.75,164.6999969482422,165.0800018310547,6251200
2024-06-07,164.35000610351562,165.5,164.0500030517578,164.55999755859375,2865700
2024-06-10,163.99000549316406,165.11000061035156,163.75999450683594,165.0,5769700
2024-06-11,164.25,164.55999755859375,163.32000732421875,164.32000732421875,4772800
2024-06-12,166.1699981689453,166.38999938964844,164.7899932861328,165.1999969482422,8818900
2024-06-13,164.89999389648438,165.0,163.74000549316406,164.72999572753906,7385200
2024-06-14,163.8000030517578,164.1199951171875,162.69000244140625,163.67999267578125,4557100
2024-06-17,163.32000732421875,165.02000427246094,163.00999450683594,164.8699951171875,4265800
2024-06-18,164.6699981689453,165.6699981689453,164.6699981689453,165.27999877929688,6283800
2024-06-20,165.24000549316406,165.69000244140625,165.0,165.3800048828125,5806800
2024-06-21,165.5,165.6999969482422,164.6199951171875,165.58999633789062,3996200
2024-06-24,165.2899932861328,166.57000732421875,164.86000061035156,165.72000122070312,7588700
2024-06-25,165.80999755859375,165.80999755859375,164.0500030517578,164.5800018310547,4349100
2024-06-26,164.00999450683594,164.1300048828125,163.41000366210938,163.9600067138672,3995900
2024-06-27,163.9600067138672,164.1999969482422,163.50999450683594,164.16000366210938,3430700
2024-06-28,164.52999877929688,165.2100067138672,163.5399932861328,164.27999877929688,4761000
2024-07-01,164.8000030517578,164.9600067138672,162.74000549316406,162.9499969482422,6813100
2024-07-02,162.89999389648438,163.69000244140625,162.85000610351562,163.67999267578125,3692900
2024-07-03,164.02000427246094,164.44000244140625,163.60000610351562,163.75,2745100
2024-07-05,163.66000366210938,163.83999633789062,162.72999572753906,163.67999267578125,3950800
2024-07-08,163.9199981689453,164.60000610351562,163.49000549316406,164.0,4654500
2024-07-09,163.88999938964844,164.5800018310547,163.36000061035156,163.72000122070312,4267800
2024-07-10,164.05999755859375,165.2100067138672,163.75,165.07000732421875,5327600
2024-07-11,165.8800048828125,167.3800048828125,165.80999755859375,167.05999755859375,10924400
2024-07-12,167.82000732421875,169.36000061035156,167.72999572753906,168.52999877929688,11488500
2024-07-15,168.75,169.61000061035156,168.32000732421875,168.72000122070312,5139500
2024-07-16,169.1999969482422,171.7100067138672,169.0500030517578,171.7100067138672,9921100
2024-07-17,170.80999755859375,172.19000244140625,170.66000366210938,171.00999450683594,12609800
2024-07-18,170.85000610351562,172.3800048828125,169.16000366210938,169.5399932861328,8887600
2024-07-19,169.66000366210938,169.8800048828125,168.00999450683594,168.39999389648438,5683900
2024-07-22,169.08999633789062,169.8000030517578,167.77000427246094,169.72999572753906,8973100
2024-07-23,169.4199981689453,169.83999633789062,169.02000427246094,169.1300048828125,5344300
2024-07-24,168.80999755859375,169.22999572753906,166.97999572753906,167.14999389648438,8067000
2024-07-25,167.1999969482422,169.67999267578125,166.85000610351562,167.35000610351562,10680400
2024-07-26,168.6199951171875,170.27999877929688,168.35000610351562,169.74000549316406,7472300
2024-07-29,170.13999938964844,170.38999938964844,169.1699981689453,169.97000122070312,5737800
2024-07-30,170.63999938964844,171.30999755859375,169.94000244140625,170.7899932861328,7333100
2024-07-31,172.00999450683594,173.0800018310547,171.08999633789062,171.60000610351562,9957500
2024-08-01,171.89999389648438,172.7100067138672,168.77999877929688,169.69000244140625,10567900
2024-08-02,168.22999572753906,168.41000366210938,165.10000610351562,166.77000427246094,11666300
2024-08-05,163.4199981689453,164.58999633789062,161.8000030517578,162.8300018310547,13747600
2024-08-06,163.33999633789062,166.5500030517578,163.00999450683594,164.5,8774600
2024-08-07,166.0800018310547,166.97999572753906,163.24000549316406,163.33999633789062,5938500
2024-08-08,164.14999389648438,166.4499969482422,163.8800048828125,166.3000030517578,6628600
2024-08-09,166.44000244140625,167.1300048828125,165.16000366210938,166.64999389648438,3650000
2024-08-12,166.6999969482422,166.8800048828125,165.52000427246094,165.85000610351562,5633600
2024-08-13,166.64999389648438,167.9600067138672,166.11000061035156,167.74000549316406,4208300
2024-08-14,168.02000427246094,168.55999755859375,167.60000610351562,168.08999633789062,4156200
2024-08-15,169.77000427246094,170.63999938964844,169.3300018310547,170.3699951171875,6926700
2024-08-16,170.0,170.9199981689453,170.0,170.77999877929688,3454700
2024-08-19,170.92999267578125,172.1199951171875,170.91000366210938,172.0800018310547,5580000
2024-08-20,171.91000366210938,172.19000244140625,171.1699981689453,171.39999389648438,5054900
2024-08-21,172.08999633789062,172.75999450683594,171.66000366210938,172.60000610351562,4594900
2024-08-22,173.0,173.2100067138672,171.8000030517578,172.11000061035156,3817200
2024-08-23,173.0,174.52000427246094,172.66000366210938,174.3000030517578,6000300
2024-08-26,174.97000122070312,175.38999938964844,174.07000732421875,174.27000427246094,7487600
2024-08-27,173.91000366210938,174.41000366210938,173.6999969482422,174.35000610351562,3560300
2024-08-28,174.10000610351562,174.6199951171875,173.0500030517578,173.8699951171875,3964500
2024-08-29,174.5,175.5800018310547,173.5,174.52000427246094,5095000
2024-08-30,175.0800018310547,175.9600067138672,173.9199981689453,175.8699951171875,4635800
2024-09-03,175.0,175.39999389648438,172.91000366210938,173.61000061035156,6616300
2024-09-04,173.44000244140625,174.39999389648438,172.86000061035156,173.36000061035156,10109400
2024-09-05,173.61000061035156,173.74000549316406,171.61000061035156,172.3000030517578,6015500
2024-09-06,172.52000427246094,173.3300018310547,170.22000122070312,170.4499969482422,9197200
2024-09-09,171.50999450683594,172.97000122070312,171.1999969482422,172.10000610351562,6402300
2024-09-10,172.4600067138672,172.61000061035156,170.9199981689453,172.1999969482422,4356800
2024-09-11,171.60000610351562,172.49000549316406,168.7899932861328,172.27999877929688,7108100
2024-09-12,172.30999755859375,173.4600067138672,171.4499969482422,173.35000610351562,5460300
2024-09-13,174.00999450683594,175.33999633789062,173.88999938964844,175.00999450683594,5248100
2024-09-16,175.6300048828125,176.58999633789062,175.3800048828125,176.27999877929688,4845200
2024-09-17,176.67999267578125,177.60000610351562,176.0399932861328,176.5399932861328,5489300
2024-09-18,176.88999938964844,178.39999389648438,175.9499969482422,176.2100067138672,9390000
2024-09-19,178.5500030517578,178.8300018310547,177.3800048828125,178.08999633789062,7678100
2024-09-20,177.5800018310547,177.5800018310547,176.61000061035156,177.44000244140625,5392000
2024-09-23,177.25,177.72000122070312,176.91000366210938,177.64999389648438,5866400
2024-09-24,178.0399932861328,178.22999572753906,177.5399932861328,177.91000366210938,6316200
2024-09-25,178.10000610351562,178.25999450683594,176.5399932861328,176.80999755859375,4614900
2024-09-26,178.11000061035156,178.80999755859375,177.75,178.2899932861328,6061500
2024-09-27,179.02000427246094,179.94000244140625,178.64999389648438,178.92999267578125,5693800
2024-09-30,178.77000427246094,179.35000610351562,177.60000610351562,179.16000366210938,5068500
2024-10-01,178.9499969482422,179.1699981689453,177.27000427246094,178.2100067138672,8274200
2024-10-02,177.72999572753906,178.4499969482422,177.22000122070312,178.02000427246094,4117100
2024-10-03,177.4499969482422,177.69000244140625,176.57000732421875,177.17999267578125,5361900
2024-10-04,178.6699981689453,178.67999267578125,177.30999755859375,178.57000732421875,5400400
2024-10-07,178.02000427246094,178.02000427246094,176.4199981689453,177.17999267578125,4207300
2024-10-08,177.3699951171875,177.8000030517578,176.74000549316406,177.60000610351562,3845700
2024-10-09,177.63999938964844,179.0500030517578,177.3300018310547,178.82000732421875,3925200
2024-10-10,178.47000122070312,178.6699981689453,177.75,178.14999389648438,3171900
2024-10-11,178.47999572753906,180.13999938964844,178.38999938964844,179.89999389648438,4033900
2024-10-14,180.00999450683594,181.33999633789062,179.58999633789062,181.22000122070312,3222600
2024-10-15,181.25999450683594,182.22000122070312,180.2899932861328,180.39999389648438,5152200
2024-10-16,180.85000610351562,181.8699951171875,180.7100067138672,181.6199951171875,4840200
2024-10-17,182.1199951171875,182.14999389648438,181.1300048828125,181.3300018310547,3595400
2024-10-18,181.86000061035156,182.00999450683594,180.91000366210938,181.8699951171875,3275700
2024-10-21,181.58999633789062,181.85000610351562,179.92999267578125,180.32000732421875,3998700
2024-10-22,179.60000610351562,179.8000030517578,178.72999572753906,179.50999450683594,3730700
2024-10-23,178.99000549316406,179.49000549316406,177.92999267578125,178.9199981689453,4665700
2024-10-24,179.47000122070312,179.6699981689453,178.52999877929688,178.9600067138672,4361800
2024-10-25,179.94000244140625,180.14999389648438,177.97000122070312,178.11000061035156,4555200
2024-10-28,178.85000610351562,179.60000610351562,178.75999450683594,179.1199951171875,3040100
2024-10-29,178.5500030517578,179.2100067138672,178.0500030517578,178.5800018310547,5505400
2024-10-30,177.94000244140625,179.35000610351562,177.94000244140625,178.19000244140625,5630200
2024-10-31,177.72999572753906,178.0,176.25,176.2899932861328,6143700
2024-11-01,176.94000244140625,177.9600067138672,176.25,176.39999389648438,4247000
2024-11-04,176.58999633789062,177.58999633789062,176.07000732421875,176.61000061035156,3954200
2024-11-05,176.67999267578125,178.72999572753906,176.2100067138672,178.6699981689453,4550700
2024-11-06,183.33999633789062,183.3800048828125,181.3000030517578,182.89999389648438,12965500
2024-11-07,183.38999938964844,183.5500030517578,182.6199951171875,183.0800018310547,8402000
2024-11-08,183.2899932861328,184.47000122070312,183.0399932861328,184.10000610351562,7541600
2024-11-11,184.82000732421875,185.7899932861328,184.72999572753906,185.02000427246094,6861800
2024-11-12,184.74000549316406,184.88999938964844,183.02999877929688,183.61000061035156,5098300
2024-11-13,183.94000244140625,184.5399932861328,183.4499969482422,183.7100067138672,9745300
2024-11-14,183.7899932861328,183.99000549316406,182.1199951171875,182.24000549316406,7379500
2024-11-15,181.89999389648438,182.3300018310547,180.64999389648438,180.94000244140625,5450400
2024-11-18,181.11000061035156,182.05999755859375,180.8699951171875,181.6699981689453,3702600
2024-11-19,180.11000061035156,181.57000732421875,179.64999389648438,181.17999267578125,5787700
2024-11-20,181.30999755859375,181.8699951171875,180.33999633789062,181.7899932861328,4496700
2024-11-21,182.39999389648438,184.41000366210938,181.74000549316406,184.0800018310547,5642600
2024-11-22,184.52000427246094,185.7899932861328,184.49000549316406,185.52999877929688,6371300
2024-11-25,187.16000366210938,187.99000549316406,186.77000427246094,187.2100067138672,8582500
2024-11-26,187.25999450683594,187.38999938964844,186.30999755859375,187.22999572753906,5590500
2024-11-27,187.50999450683594,188.08999633789062,186.88999938964844,187.0500030517578,4801900
2024-11-29,187.4600067138672,188.16000366210938,187.33999633789062,187.6199951171875,3752500
2024-12-02,187.6999969482422,187.8699951171875,186.47000122070312,187.14999389648438,7664300
2024-12-03,187.14999389648438,187.38999938964844,186.1199951171875,186.32000732421875,8580300
2024-12-04,186.57000732421875,186.61000061035156,185.60000610351562,186.3300018310547,6576700
2024-12-05,186.32000732421875,186.47999572753906,185.33999633789062,185.39999389648438,6060200
2024-12-06,186.0500030517578,186.41000366210938,185.0500030517578,185.19000244140625,4527300
2024-12-09,185.7100067138672,185.8699951171875,184.38999938964844,184.42999267578125,5121100
2024-12-10,184.4600067138672,184.4600067138672,182.7899932861328,183.3000030517578,6296400
2024-12-11,184.1199951171875,184.17999267578125,183.27999877929688,183.47000122070312,6041800
2024-12-12,183.44000244140625,183.63999938964844,182.8000030517578,182.8000030517578,3648800
2024-12-13,182.8000030517578,183.00999450683594,181.82000732421875,182.16000366210938,5418500
2024-12-16,182.19000244140625,182.8300018310547,181.38999938964844,181.55999755859375,5199800
2024-12-17,180.91000366210938,181.30999755859375,179.85000610351562,180.1300048828125,7334500
2024-12-18,180.36000061035156,180.57000732421875,174.66000366210938,174.8000030517578,11216700
2024-12-19,175.6999969482422,176.61000061035156,174.1699981689453,174.22000122070312,10243000
2024-12-20,173.9600067138672,177.77000427246094,173.69000244140625,176.66000366210938,10861700
2024-12-23,175.39999389648438,176.44000244140625,174.7100067138672,176.27999877929688,8102400
2024-12-24,176.3699951171875,177.6999969482422,176.0399932861328,177.61000061035156,2266500
2024-12-26,176.9499969482422,178.14999389648438,176.80999755859375,177.89999389648438,3493100
2024-12-27,177.0,177.99000549316406,175.7899932861328,176.69000244140625,5401800
2024-12-30,175.25,175.61000061035156,173.57000732421875,174.91000366210938,6274500
2024-12-31,175.52999877929688,176.07000732421875,174.5500030517578,175.22999572753906,6324500
2025-01-02,176.32000732421875,176.67999267578125,173.91000366210938,174.72000122070312,9011900
2025-01-03,175.25,176.58999633789062,174.5800018310547,176.32000732421875,4949100
2025-01-06,177.1300048828125,177.9600067138672,175.94000244140625,176.1999969482422,8748100
2025-01-07,176.80999755859375,177.38999938964844,175.02999877929688,175.61000061035156,8469400
2025-01-08,175.17999267578125,175.9499969482422,174.13999938964844,175.82000732421875,6932900
2025-01-10,174.66000366210938,174.9499969482422,173.07000732421875,173.25,7406800
2025-01-13,172.55999755859375,174.72000122070312,172.3800048828125,174.6699981689453,8191400
2025-01-14,175.42999267578125,176.2899932861328,174.6999969482422,176.0800018310547,8081800
2025-01-15,178.72999572753906,179.00999450683594,177.2899932861328,177.77000427246094,9989500
2025-01-16,177.9199981689453,179.42999267578125,177.3699951171875,179.1699981689453,5759000
2025-01-17,180.08999633789062,180.7100067138672,179.6999969482422,180.0399932861328,5945500
2025-01-21,181.08999633789062,182.2100067138672,180.9499969482422,182.1300048828125,7561500
2025-01-22,182.27999877929688,182.39999389648438,181.42999267578125,181.49000549316406,8400200
2025-01-23,181.58999633789062,182.36000061035156,180.8800048828125,182.35000610351562,5414500
2025-01-24,182.11000061035156,182.85000610351562,181.94000244140625,182.19000244140625,8858500
2025-01-27,181.25999450683594,182.35000610351562,181.16000366210938,182.30999755859375,11280900
2025-01-28,182.3000030517578,182.35000610351562,181.02000427246094,181.41000366210938,14005300
2025-01-29,181.4199981689453,182.0800018310547,180.47000122070312,180.80999755859375,7849500
2025-01-30,181.83999633789062,183.16000366210938,181.49000549316406,182.74000549316406,8669000
2025-01-31,182.39999389648438,183.22999572753906,181.0399932861328,181.24000549316406,10222400
2025-02-03,178.9199981689453,180.89999389648438,177.6999969482422,180.25,23419700
2025-02-04,179.86000061035156,180.86000061035156,179.74000549316406,180.47000122070312,7359000
2025-02-05,180.89999389648438,181.44000244140625,179.72999572753906,181.35000610351562,5616100
2025-02-06,182.10000610351562,182.10000610351562,180.11000061035156,181.11000061035156,5858800
2025-02-07,181.67999267578125,181.7899932861328,179.94000244140625,180.22000122070312,6525000
2025-02-10,181.02999877929688,181.10000610351562,180.0800018310547,180.72999572753906,5193400
2025-02-11,180.1300048828125,180.83999633789062,179.80999755859375,180.75,4882000
2025-02-12,178.75,180.11000061035156,178.64999389648438,179.6999969482422,8593000
2025-02-13,180.3000030517578,181.4199981689453,179.80999755859375,181.25999450683594,7191600
2025-02-14,181.75,182.17999267578125,181.02000427246094,181.0800018310547,10416200
2025-02-18,181.55999755859375,182.5,181.05999755859375,182.47000122070312,5629500
2025-02-19,182.0,183.02000427246094,181.67999267578125,182.83999633789062,6982400
2025-02-20,182.6199951171875,182.6199951171875,181.1699981689453,182.3800048828125,5153400
2025-02-21,182.6199951171875,182.6199951171875,179.39999389648438,179.82000732421875,7674000
2025-02-24,180.3699951171875,180.7899932861328,179.2100067138672,179.97000122070312,6196800
2025-02-25,180.22000122070312,180.75,179.16000366210938,180.14999389648438,9329900
2025-02-26,180.7100067138672,181.3800048828125,179.38999938964844,179.77000427246094,5829700
2025-02-27,179.8000030517578,180.55999755859375,178.10000610351562,178.1999969482422,6878000
2025-02-28,178.67999267578125,180.25,177.50999450683594,180.17999267578125,9252600
2025-03-03,180.8800048828125,181.39999389648438,177.30999755859375,178.25999450683594,7704400
2025-03-04,177.27000427246094,177.86000061035156,174.83999633789062,175.3800048828125,10009200
2025-03-05,175.22000122070312,177.5,174.5399932861328,177.00999450683594,6327500
2025-03-06,175.41000366210938,176.5500030517578,174.1999969482422,175.0500030517578,8624700
2025-03-07,174.58999633789062,177.1199951171875,174.02000427246094,176.69000244140625,11727400
2025-03-10,175.0800018310547,176.72999572753906,172.9199981689453,174.1999969482422,16835700
2025-03-11,174.22999572753906,174.32000732421875,170.9600067138672,171.8800048828125,17834700
2025-03-12,172.61000061035156,173.08999633789062,170.10000610351562,171.07000732421875,15640500
2025-03-13,171.0800018310547,171.6999969482422,168.83999633789062,169.42999267578125,8687700
2025-03-14,170.8699951171875,172.88999938964844,170.3000030517578,172.66000366210938,7120600
2025-03-17,172.5500030517578,175.63999938964844,172.5500030517578,174.99000549316406,8485500
2025-03-18,174.77999877929688,174.77999877929688,173.33999633789062,174.0800018310547,6404500
2025-03-19,174.25999450683594,176.2100067138672,173.83999633789062,175.3699951171875,7666100
2025-03-20,174.55999755859375,175.75999450683594,174.16000366210938,174.63999938964844,7686200
2025-03-21,173.47000122070312,174.17999267578125,172.30999755859375,173.83999633789062,7787700
2025-03-24,174.63999938964844,175.97000122070312,174.33999633789062,175.69000244140625,9323400
2025-03-25,175.9600067138672,176.08999633789062,174.52999877929688,175.27000427246094,4313100
2025-03-26,175.6199951171875,176.32000732421875,174.3800048828125,174.94000244140625,4641600
2025-03-27,174.64999389648438,175.50999450683594,173.61000061035156,174.49000549316406,5538300
2025-03-28,174.41000366210938,174.4499969482422,171.5500030517578,171.8000030517578,6786800
2025-03-31,170.7899932861328,173.99000549316406,170.1699981689453,173.22999572753906,10869400
2025-04-01,173.0,173.89999389648438,171.25999450683594,173.41000366210938,6370100
2025-04-02,171.94000244140625,175.38999938964844,171.94000244140625,174.86000061035156,7288600
2025-04-03,170.0,170.6300048828125,166.4600067138672,166.52999877929688,15808200
2025-04-04,162.85000610351562,163.11000061035156,156.94000244140625,157.17999267578125,29019500
2025-04-07,153.63999938964844,161.69000244140625,150.35000610351562,155.8699951171875,34004200
2025-04-08,160.3300018310547,160.6999969482422,150.7899932861328,152.92999267578125,17732800
2025-04-09,151.24000549316406,165.88999938964844,150.80999755859375,165.16000366210938,37769600
2025-04-10,162.14999389648438,162.3000030517578,155.47999572753906,159.60000610351562,20112100
2025-04-11,159.38999938964844,162.77000427246094,157.69000244140625,162.02000427246094,11819300
2025-04-14,164.27000427246094,164.97000122070312,162.47000122070312,164.08999633789062,14031000
2025-04-15,164.33999633789062,165.47000122070312,163.39999389648438,163.55999755859375,8519400
2025-04-16,162.89999389648438,164.0800018310547,160.2100067138672,161.4600067138672,10385800
2025-04-17,161.8300018310547,163.91000366210938,161.69000244140625,162.66000366210938,7874400
2025-04-21,161.38999938964844,161.64999389648438,157.7100067138672,159.38999938964844,6286600
2025-04-22,161.19000244140625,163.6999969482422,160.92999267578125,163.32000732421875,8645400
2025-04-23,166.50999450683594,168.49000549316406,164.33999633789062,164.89999389648438,12717500
2025-04-24,165.2100067138672,167.97000122070312,164.5800018310547,167.69000244140625,5767900
2025-04-25,167.27000427246094,167.63999938964844,166.0399932861328,167.4499969482422,5190000
2025-04-28,167.72000122070312,168.67999267578125,166.4199981689453,167.9199981689453,7232100
2025-04-29,167.4499969482422,169.32000732421875,167.1199951171875,168.89999389648438,5877300
2025-04-30,167.14999389648438,169.5500030517578,165.38999938964844,169.13999938964844,7497400
2025-05-01,169.13999938964844,170.50999450683594,168.47999572753906,168.91000366210938,9380300
2025-05-02,171.02000427246094,172.2899932861328,170.58999633789062,171.88999938964844,6865200
2025-05-05,170.92999267578125,172.22999572753906,170.58999633789062,171.32000732421875,5732400
2025-05-06,169.9199981689453,171.3800048828125,169.47999572753906,170.0500030517578,5246400
2025-05-07,170.60000610351562,171.72999572753906,169.9600067138672,171.1699981689453,6912400
2025-05-08,172.24000549316406,174.27000427246094,171.7899932861328,172.61000061035156,5238800
2025-05-09,173.02999877929688,173.3000030517578,172.11000061035156,172.57000732421875,3460100
2025-05-12,177.25999450683594,177.50999450683594,176.0399932861328,177.3000030517578,8903700
2025-05-13,177.42999267578125,178.52000427246094,177.22000122070312,177.6999969482422,8960000
2025-05-14,177.5500030517578,177.6300048828125,176.22000122070312,176.6300048828125,7785500
2025-05-15,176.25999450683594,178.27999877929688,176.25999450683594,178.24000549316406,6989300
2025-05-16,178.4199981689453,179.99000549316406,177.88999938964844,179.99000549316406,6304500
2025-05-19,178.36000061035156,180.17999267578125,178.25999450683594,179.97000122070312,4145500
2025-05-20,179.49000549316406,180.17999267578125,178.7899932861328,179.5,5888300
2025-05-21,178.08999633789062,178.36000061035156,175.41000366210938,175.58999633789062,13219500
2025-05-22,175.1300048828125,176.02999877929688,174.10000610351562,175.02999877929688,10673200
2025-05-23,173.22000122070312,174.8800048828125,173.0,174.3300018310547,11014300
2025-05-27,176.4600067138672,177.67999267578125,175.47999572753906,177.5800018310547,8780200
2025-05-28,177.55999755859375,177.69000244140625,175.77000427246094,176.07000732421875,13696600
2025-05-29,176.72999572753906,176.75999450683594,174.99000549316406,176.5,7823900
2025-05-30,176.0,177.00999450683594,174.94000244140625,176.42999267578125,8433600
2025-06-02,176.07000732421875,176.6199951171875,174.27000427246094,176.57000732421875,12499600
2025-06-03,176.52000427246094,178.2100067138672,175.92999267578125,178.0399932861328,9725900
2025-06-04,178.30999755859375,178.4499969482422,177.57000732421875,177.63999938964844,6957400
2025-06-05,177.85000610351562,178.3000030517578,176.6699981689453,177.16000366210938,11662900
2025-06-06,178.66000366210938,179.00999450683594,178.00999450683594,178.69000244140625,7257800
2025-06-09,179.1300048828125,179.5800018310547,178.22999572753906,178.72000122070312,11541800
2025-06-10,179.16000366210938,179.86000061035156,178.8699951171875,179.61000061035156,13056400
2025-06-11,180.0,180.02999877929688,178.52000427246094,179.10000610351562,11864700
2025-06-12,178.6199951171875,179.5500030517578,178.14999389648438,179.52000427246094,8786000
2025-06-13,178.19000244140625,179.02999877929688,176.8699951171875,177.35000610351562,16262000
2025-06-16,178.36000061035156,179.75999450683594,178.32000732421875,179.05999755859375,10888000
2025-06-17,178.32000732421875,178.77000427246094,177.02999877929688,177.33999633789062,9216000
2025-06-18,177.33999633789062,178.5800018310547,177.14999389648438,177.36000061035156,12988300
2025-06-20,178.3800048828125,178.67999267578125,177.2100067138672,177.64999389648438,9401300
2025-06-23,176.94000244140625,178.5800018310547,175.97999572753906,178.49000549316406,12724300
2025-06-24,179.4199981689453,180.5,178.9199981689453,180.17999267578125,10283300
2025-06-25,179.97000122070312,180.0399932861328,178.60000610351562,178.8800048828125,11833600
2025-06-26,179.44000244140625,180.4199981689453,179.35000610351562,180.22999572753906,8981500
2025-06-27,180.58999633789062,181.80999755859375,179.9499969482422,180.88999938964844,9276900
2025-06-30,181.16000366210938,182.02999877929688,180.8300018310547,181.74000549316406,9990600
2025-07-01,181.3000030517578,184.77000427246094,181.3000030517578,183.8699951171875,21421100
2025-07-02,183.8000030517578,184.44000244140625,183.0500030517578,184.2899932861328,12842400
2025-07-03,184.64999389648438,185.52000427246094,184.64999389648438,185.17999267578125,8503400
2025-07-07,184.75,185.07000732421875,182.6999969482422,183.6999969482422,14145700
2025-07-08,183.75999450683594,184.77999877929688,183.5500030517578,184.16000366210938,11259100
2025-07-09,184.75,184.8800048828125,183.5500030517578,184.7100067138672,11300700
2025-07-10,184.7100067138672,186.49000549316406,184.4600067138672,185.77999877929688,13045900
2025-07-11,184.63999938964844,184.91000366210938,184.00999450683594,184.4199981689453,10362200
2025-07-14,184.1300048828125,184.75999450683594,183.7100067138672,184.61000061035156,9821500
2025-07-15,184.8800048828125,185.0500030517578,182.02000427246094,182.0500030517578,11203400
2025-07-16,182.6699981689453,182.97999572753906,180.55999755859375,182.75999450683594,11395700
2025-07-17,182.8300018310547,184.39999389648438,182.6199951171875,184.25,9663600
2025-07-18,184.80999755859375,184.9600067138672,183.7100067138672,184.17999267578125,9431700
2025-07-21,184.57000732421875,184.97999572753906,183.5500030517578,183.5500030517578,9822000
2025-07-22,183.82000732421875,186.16000366210938,183.82000732421875,185.88999938964844,12111800
2025-07-23,186.92999267578125,187.4600067138672,186.49000549316406,187.42999267578125,13828000
2025-07-24,187.14999389648438,187.7899932861328,186.7899932861328,186.8300018310547,11816300
2025-07-25,187.16000366210938,187.83999633789062,186.35000610351562,187.72999572753906,9579400
2025-07-28,187.69000244140625,187.72000122070312,186.5,186.6199951171875,8148100
2025-07-29,187.00999450683594,187.00999450683594,186.07000732421875,186.52999877929688,9571500
2025-07-30,186.52000427246094,186.9199981689453,184.39999389648438,185.32000732421875,13965200
2025-07-31,184.58999633789062,185.75,183.1999969482422,183.6300048828125,21530000
2025-08-01,182.25999450683594,182.33999633789062,179.94000244140625,181.55999755859375,19418200
2025-08-04,182.27000427246094,183.92999267578125,182.27000427246094,183.77999877929688,10694200
2025-08-05,184.00999450683594,184.13999938964844,182.5800018310547,183.27000427246094,12675600
2025-08-06,183.47999572753906,183.55999755859375,182.47999572753906,182.86000061035156,10196200
2025-08-07,184.0399932861328,184.44000244140625,182.11000061035156,182.75,12164900
2025-08-08,183.17999267578125,183.80999755859375,182.75,183.0800018310547,9185200
2025-08-11,183.30999755859375,184.0399932861328,182.27000427246094,182.5800018310547,9324600
2025-08-12,183.1999969482422,184.99000549316406,182.92999267578125,184.89999389648438,9790500
2025-08-13,185.5399932861328,187.6300048828125,185.3000030517578,187.5399932861328,13402800
2025-08-14,186.25,186.49000549316406,185.41000366210938,186.32000732421875,12180800
2025-08-15,186.6999969482422,186.72000122070312,185.64999389648438,185.86000061035156,11734800
2025-08-18,185.82000732421875,186.36000061035156,185.67999267578125,185.82000732421875,7559000
2025-08-19,185.91000366210938,187.57000732421875,185.91000366210938,186.69000244140625,10692900
2025-08-20,186.72000122070312,187.22999572753906,185.83999633789062,186.52000427246094,12877700
2025-08-21,185.92999267578125,186.36000061035156,185.3699951171875,185.8699951171875,12848300
2025-08-22,186.82000732421875,189.99000549316406,186.7899932861328,189.49000549316406,14820900
2025-08-25,188.99000549316406,189.22000122070312,188.0,188.0399932861328,12121000
2025-08-26,187.82000732421875,188.3800048828125,187.58999633789062,188.1699981689453,10758100
2025-08-27,188.02000427246094,189.0800018310547,187.85000610351562,188.85000610351562,10330900
2025-08-28,189.17999267578125,189.25999450683594,187.88999938964844,188.75999450683594,11258800
2025-08-29,188.64999389648438,189.35000610351562,188.0500030517578,188.6199951171875,11791100
2025-09-02,186.74000549316406,187.33999633789062,186.0500030517578,187.1300048828125,13874500
2025-09-03,186.77000427246094,187.47000122070312,185.9499969482422,186.83999633789062,13431600
2025-09-04,187.17999267578125,188.25999450683594,186.47000122070312,188.22000122070312,10706800
2025-09-05,188.6699981689453,189.8000030517578,187.32000732421875,188.44000244140625,19713400
2025-09-08,188.47999572753906,188.47999572753906,187.0399932861328,188.2899932861328,16212100
2025-09-09,187.97999572753906,188.25,187.3300018310547,187.7100067138672,18432700
2025-09-10,187.6999969482422,188.49000549316406,186.94000244140625,187.52000427246094,17279300
2025-09-11,187.72000122070312,190.5399932861328,187.72000122070312,190.3300018310547,19182500
2025-09-12,190.08999633789062,190.32000732421875,188.80999755859375,188.9600067138672,14126100
2025-09-15,189.32000732421875,189.72000122070312,188.4499969482422,188.6300048828125,14177200
2025-09-16,188.63999938964844,188.99000549316406,187.6300048828125,188.1300048828125,13418400
2025-09-17,188.3699951171875,190.52000427246094,187.17999267578125,188.30999755859375,21025400
2025-09-18,188.8300018310547,190.05999755859375,188.52999877929688,189.5399932861328,16984500
2025-09-19,190.0,190.0,188.57000732421875,189.2100067138672,11333500
2025-09-22,187.82000732421875,188.8000030517578,187.4499969482422,188.47999572753906,9302300
2025-09-23,188.60000610351562,189.8800048828125,188.3699951171875,188.7100067138672,9921600
2025-09-24,188.7100067138672,189.24000549316406,188.08999633789062,188.27000427246094,10626000
2025-09-25,187.61000061035156,187.63999938964844,186.02999877929688,186.72000122070312,12979600
2025-09-26,187.22999572753906,188.72000122070312,187.11000061035156,188.57000732421875,11428800
2025-09-29,189.39999389648438,189.5,188.39999389648438,189.1999969482422,11846900
2025-09-30,188.86000061035156,189.8800048828125,188.35000610351562,189.6999969482422,13098600
2025-10-01,189.27000427246094,190.4199981689453,189.27000427246094,190.1300048828125,10806400
2025-10-02,190.1999969482422,190.9499969482422,189.6999969482422,190.5800018310547,12839600
2025-10-03,190.91000366210938,192.3000030517578,190.88999938964844,191.25,15326900
2025-10-06,192.10000610351562,192.10000610351562,190.88999938964844,191.19000244140625,10695400
2025-10-07,191.6300048828125,191.91000366210938,189.97000122070312,190.35000610351562,13431800
2025-10-08,190.58999633789062,191.27000427246094,189.83999633789062,190.97000122070312,11800200
2025-10-09,191.11000061035156,191.30999755859375,189.0800018310547,189.38999938964844,12641800
2025-10-10,189.58999633789062,190.00999450683594,185.08999633789062,185.1199951171875,40484500
2025-10-13,186.42999267578125,187.5399932861328,186.10000610351562,186.9199981689453,16088800
2025-10-14,185.5500030517578,189.3000030517578,185.4199981689453,188.47000122070312,17544300
2025-10-15,189.39999389648438,190.5,187.42999267578125,188.85000610351562,11078500
2025-10-16,189.22000122070312,189.4600067138672,186.42999267578125,187.05999755859375,20569900
2025-10-17,187.0399932861328,188.3699951171875,186.83999633789062,188.00999450683594,21042200
2025-10-20,189.02000427246094,190.16000366210938,189.0,189.88999938964844,9171600
2025-10-21,189.86000061035156,191.3300018310547,189.6300048828125,190.75999450683594,9444800
2025-10-22,190.83999633789062,191.1199951171875,189.16000366210938,189.83999633789062,15088600
2025-10-23,190.1199951171875,191.08999633789062,189.5800018310547,190.74000549316406,9809400
2025-10-24,192.11000061035156,192.22000122070312,191.17999267578125,191.25999450683594,13012000
2025-10-27,192.22999572753906,192.3300018310547,191.52999877929688,192.11000061035156,10311100
2025-10-28,191.75999450683594,191.75999450683594,190.35000610351562,190.4600067138672,12596700
2025-10-29,189.85000610351562,190.1300048828125,187.7100067138672,188.3300018310547,25832400
2025-10-30,187.50999450683594,189.49000549316406,187.4199981689453,187.52000427246094,16213800
2025-10-31,187.11000061035156,188.47999572753906,186.86000061035156,187.92999267578125,14994200
2025-11-03,187.97000122070312,187.97000122070312,185.47000122070312,187.47000122070312,16031300
2025-11-04,186.1999969482422,186.9600067138672,185.74000549316406,186.22999572753906,15934300
2025-11-05,186.17999267578125,187.97999572753906,186.02000427246094,187.32000732421875,15322600
2025-11-06,187.13999938964844,187.94000244140625,185.6300048828125,186.0,19140600
2025-11-07,185.6699981689453,187.63999938964844,185.35000610351562,187.55999755859375,24166700
2025-11-10,188.27999877929688,189.00999450683594,187.05999755859375,188.63999938964844,15983200
2025-11-11,188.8699951171875,190.22000122070312,188.75,189.72999572753906,11465600
2025-11-12,189.94000244140625,190.92999267578125,189.94000244140625,190.17999267578125,17683800
2025-11-13,189.63999938964844,190.3300018310547,187.72000122070312,188.02999877929688,23906200
2025-11-14,187.1199951171875,188.4600067138672,186.52999877929688,187.33999633789062,31184400
2025-11-17,187.1199951171875,187.50999450683594,184.35000610351562,184.8800048828125,24821300
2025-11-18,184.33999633789062,186.0500030517578,183.86000061035156,184.99000549316406,39684900
2025-11-19,184.86000061035156,185.36000061035156,183.6699981689453,184.42999267578125,21903500
2025-11-20,186.24000549316406,186.77999877929688,182.11000061035156,182.17999267578125,45169400
2025-11-21,183.2100067138672,186.80999755859375,182.80999755859375,185.75999450683594,57508500
2025-11-24,186.19000244140625,187.16000366210938,185.27999877929688,186.52999877929688,15833500
2025-11-25,186.97999572753906,189.52999877929688,186.89999389648438,189.17999267578125,22726500
2025-11-26,189.39999389648438,191.16000366210938,189.30999755859375,190.5,14643700
2025-11-28,190.7100067138672,191.8300018310547,190.55999755859375,191.52999877929688,5185500
2025-12-01,190.33999633789062,191.64999389648438,190.1199951171875,190.22000122070312,13035100
2025-12-02,190.74000549316406,190.75,189.52999877929688,190.0399932861328,11714200
2025-12-03,190.27000427246094,191.6199951171875,190.25,191.49000549316406,13576800
2025-12-04,191.47999572753906,192.05999755859375,191.00999450683594,191.5500030517578,11086800
2025-12-05,191.82000732421875,192.80999755859375,191.58999633789062,192.0,12887200
2025-12-08,192.24000549316406,192.27000427246094,190.6699981689453,190.85000610351562,8686100
2025-12-09,190.7100067138672,191.69000244140625,190.4199981689453,190.49000549316406,7896700
2025-12-10,190.75999450683594,193.60000610351562,190.61000061035156,193.1699981689453,17968600
2025-12-11,193.02000427246094,194.8800048828125,193.0,194.72999572753906,17852700
2025-12-12,195.3300018310547,195.47000122070312,193.05999755859375,193.41000366210938,26817100
2025-12-15,194.50999450683594,194.57000732421875,192.91000366210938,193.64999389648438,26605900
2025-12-16,193.77000427246094,193.9600067138672,191.58999633789062,192.2899932861328,16005500
2025-12-17,192.4499969482422,193.61000061035156,191.5399932861328,191.77000427246094,13546100
2025-12-18,192.9199981689453,193.75999450683594,191.80999755859375,192.17999267578125,18124000
2025-12-19,192.24000549316406,193.52000427246094,192.07000732421875,192.8800048828125,13707900
2025-12-22,192.61000061035156,193.72999572753906,192.4199981689453,193.5399932861328,8322300
2025-12-23,193.33999633789062,193.66000366210938,192.72999572753906,193.08999633789062,6422600
2025-12-24,193.1699981689453,194.11000061035156,193.0,193.7899932861328,4193200
2025-12-26,193.8000030517578,193.92999267578125,193.1699981689453,193.83999633789062,9570500
2025-12-29,193.61000061035156,194.05999755859375,193.1300048828125,193.52000427246094,7381000
2025-12-30,193.5399932861328,193.75,193.16000366210938,193.2100067138672,5089000
2025-12-31,193.16000366210938,193.16000366210938,191.52000427246094,191.55999755859375,12684500
2026-01-02,192.2100067138672,193.2899932861328,191.0399932861328,192.86000061035156,13722500
2026-01-05,193.00999450683594,195.24000549316406,192.83999633789062,194.64999389648438,17525900
2026-01-06,194.42999267578125,197.25,194.41000366210938,197.0,18100800
2026-01-07,197.16000366210938,197.47999572753906,194.6699981689453,194.7899932861328,19819100
2026-01-08,194.36000061035156,196.97000122070312,194.1699981689453,196.4600067138672,21391900
2026-01-09,197.0,198.07000732421875,196.6300048828125,197.60000610351562,14223300
2026-01-12,197.0800018310547,197.8800048828125,196.5800018310547,197.77999877929688,12469900
2026-01-13,198.1300048828125,198.39999389648438,197.11000061035156,197.77999877929688,18149500
2026-01-14,197.47999572753906,198.67999267578125,197.44000244140625,198.67999267578125,24857600
2026-01-15,199.32000732421875,200.11000061035156,198.75,199.55999755859375,20666000
2026-01-16,199.3000030517578,199.77999877929688,198.6999969482422,199.0500030517578,13913900
2026-01-20,196.8699951171875,197.91000366210938,195.77999877929688,196.0800018310547,21111300
2026-01-21,197.17999267578125,199.88999938964844,197.11000061035156,199.39999389648438,19619100
2026-01-22,200.10000610351562,200.77999877929688,199.4600067138672,199.66000366210938,17094600
2026-01-23,199.2899932861328,199.47000122070312,198.02999877929688,198.77000427246094,13501000
2026-01-26,199.22000122070312,199.7899932861328,198.9499969482422,199.24000549316406,13080500
2026-01-27,199.1699981689453,199.4199981689453,198.5800018310547,198.92999267578125,10553600
2026-01-28,198.9199981689453,199.47999572753906,197.91000366210938,198.25999450683594,20805900
2026-01-29,199.17999267578125,199.89999389648438,197.13999938964844,198.52000427246094,23925700
2026-01-30,198.00999450683594,198.72999572753906,196.25,198.0800018310547,25403000
2026-02-02,197.69000244140625,199.3300018310547,197.14999389648438,199.10000610351562,14618600
2026-02-03,198.72999572753906,200.0800018310547,196.97999572753906,198.57000732421875,28998500
2026-02-04,199.22000122070312,200.9499969482422,199.1199951171875,200.3000030517578,31319200
2026-02-05,199.63999938964844,200.0399932861328,198.1199951171875,198.55999755859375,36587400
2026-02-06,200.07000732421875,202.49000549316406,199.89999389648438,202.25999450683594,26921600
2026-02-09,201.61000061035156,202.82000732421875,200.99000549316406,202.3800048828125,14600900
2026-02-10,202.5500030517578,203.86000061035156,202.47000122070312,203.10000610351562,16784300
2026-02-11,203.88999938964844,204.1699981689453,202.52999877929688,203.4600067138672,18897200
2026-02-12,204.27000427246094,205.24000549316406,200.38999938964844,200.7899932861328,38641100
2026-02-13,201.1999969482422,203.82000732421875,200.42999267578125,202.8699951171875,29358500
2026-02-17,203.0800018310547,203.97999572753906,200.85000610351562,202.52000427246094,29787300
2026-02-18,202.8300018310547,204.22000122070312,202.25,203.57000732421875,20934100
2026-02-19,203.08999633789062,203.61000061035156,201.92999267578125,203.13999938964844,15448200
2026-02-20,202.5,204.77999877929688,202.33999633789062,204.08999633789062,27280200
2026-02-23,203.3800048828125,204.0800018310547,201.0500030517578,201.85000610351562,16437700
2026-02-24,201.8800048828125,203.7100067138672,201.7899932861328,203.4600067138672,19725000
2026-02-25,204.10000610351562,204.13999938964844,202.25,203.5800018310547,16772400
2026-02-26,204.1199951171875,205.02999877929688,203.17999267578125,204.72999572753906,23866200
2026-02-27,203.3699951171875,205.0800018310547,202.91000366210938,204.97000122070312,16234500
2026-03-02,203.33999633789062,205.24000549316406,202.83999633789062,204.58999633789062,22037000
2026-03-03,201.0500030517578,203.02999877929688,198.5500030517578,202.0800018310547,37315700
2026-03-04,202.6999969482422,203.35000610351562,201.4199981689453,202.88999938964844,16696700
2026-03-05,201.7899932861328,202.7100067138672,199.4600067138672,200.5399932861328,23144500
2026-03-06,198.44000244140625,198.77000427246094,196.52000427246094,198.14999389648438,23634400
2026-03-09,196.27999877929688,199.25,193.97000122070312,198.7100067138672,26828200
2026-03-10,198.44000244140625,199.5800018310547,196.85000610351562,197.22000122070312,19304300
2026-03-11,197.00999450683594,197.3800048828125,195.67999267578125,196.57000732421875,16887500
2026-03-12,194.8699951171875,196.00999450683594,193.50999450683594,193.52999877929688,24793800
2026-03-13,195.02000427246094,195.67999267578125,193.2899932861328,193.52000427246094,13023200
2026-03-16,195.25,196.19000244140625,194.58999633789062,194.9600067138672,12128800
2026-03-17,196.30999755859375,197.25,195.91000366210938,196.0500030517578,10977500
2026-03-18,195.14999389648438,195.63999938964844,193.38999938964844,193.47000122070312,12514600
2026-03-19,192.25999450683594,194.47000122070312,191.89999389648438,193.32000732421875,17371100
2026-03-20,193.02999877929688,193.4199981689453,189.5,190.47999572753906,15312100
2026-03-23,192.5,194.0500030517578,191.44000244140625,191.69000244140625,15965500
2026-03-24,190.52000427246094,192.97000122070312,190.0800018310547,191.9199981689453,15258500
2026-03-25,193.4600067138672,194.14999389648438,191.33999633789062,192.85000610351562,14017300
2026-03-26,191.7100067138672,193.5,190.83999633789062,191.0800018310547,17145700
2026-03-27,190.42999267578125,190.69000244140625,188.02999877929688,188.4600067138672,13998800
2026-03-30,190.16000366210938,190.36000061035156,187.36000061035156,188.07000732421875,10947400
2026-03-31,190.02000427246094,192.63999938964844,188.72999572753906,191.9199981689453,19696500
2026-04-01,192.5399932861328,193.47000122070312,192.17999267578125,192.5399932861328,17589200
2026-04-02,190.5500030517578,194.3000030517578,190.2100067138672,193.08999633789062,10796600
2026-04-06,192.9499969482422,194.02000427246094,192.5500030517578,193.9199981689453,4600400
2026-04-07,193.33999633789062,194.02000427246094,192.39999389648438,193.49000549316406,8382700
2026-04-08,197.3000030517578,198.3000030517578,196.9199981689453,197.9600067138672,11173900
2026-04-09,197.24000549316406,198.72999572753906,196.8000030517578,198.0800018310547,7321100
2026-04-10,198.25,198.42999267578125,196.3300018310547,196.64999389648438,6701900
2026-04-13,196.22999572753906,198.92999267578125,195.9499969482422,198.8300018310547,5789300
2026-04-14,199.08999633789062,200.02999877929688,198.52999877929688,199.66000366210938,10283900
2026-04-15,199.72999572753906,200.1999969482422,198.92999267578125,199.72999572753906,8666800
2026-04-16,200.10000610351562,201.0800018310547,199.91000366210938,200.63999938964844,9802500
2026-04-17,201.69000244140625,204.0800018310547,201.6300048828125,203.16000366210938,10807200
2026-04-20,202.69000244140625,203.92999267578125,202.6699981689453,203.8000030517578,6061800
2026-04-21,204.27000427246094,205.17999267578125,202.2100067138672,202.5500030517578,8702400
2026-04-22,203.77999877929688,204.19000244140625,201.94000244140625,202.4600067138672,7198100
2026-04-23,202.44000244140625,202.94000244140625,200.3800048828125,202.4499969482422,10703900
2026-04-24,202.5800018310547,202.94000244140625,201.64999389648438,202.02999877929688,8816800
2026-04-27,201.97000122070312,202.94000244140625,201.67999267578125,201.7899932861328,6866800
2026-04-28,201.7899932861328,202.27999877929688,200.16000366210938,200.75999450683594,6560200
2026-04-29,200.7899932861328,201.27000427246094,199.6999969482422,200.41000366210938,8269200
2026-04-30,200.5399932861328,203.5500030517578,200.1999969482422,203.44000244140625,9591200
2026-05-01,204.00999450683594,204.30999755859375,202.7899932861328,202.82000732421875,13811300
2026-05-04,202.3699951171875,203.5800018310547,201.22999572753906,201.63999938964844,9495200
2026-05-05,202.27999877929688,203.77999877929688,201.6199951171875,203.24000549316406,6566000
2026-05-06,204.5800018310547,205.50999450683594,204.05999755859375,204.85000610351562,10908200
2026-05-07,204.9600067138672,205.52999877929688,202.9499969482422,203.5399932861328,10151400
2026-05-08,204.4499969482422,204.5800018310547,203.19000244140625,204.10000610351562,8492500
2026-05-11,204.4600067138672,204.82000732421875,203.63999938964844,203.99000549316406,7428700
2026-05-12,203.72999572753906,204.08999633789062,202.1699981689453,203.80999755859375,9576200
2026-05-13,203.67999267578125,203.67999267578125,202.33999633789062,202.9199981689453,7388900
2026-05-14,203.4600067138672,204.50999450683594,203.0399932861328,203.66000366210938,9841600
2026-05-15,202.60000610351562,202.9199981689453,201.4499969482422,201.55999755859375,8957400
2026-05-18,201.8800048828125,203.27999877929688,201.4600067138672,202.8000030517578,13792400
2026-05-19,201.97999572753906,202.63999938964844,200.91000366210938,201.6199951171875,10548600
2026-05-20,201.97999572753906,203.99000549316406,200.6999969482422,203.8300018310547,18985500
2026-05-21,202.94000244140625,204.89999389648438,201.80999755859375,204.7100067138672,11501400
